tilvísun	O
Rainier	B-PER
3.	I-PER
fursti	I-PER
af	I-PER
Mónakó	I-PER

CSI	B-ORG
:	I-ORG
Crime	I-ORG
Scene	I-ORG
Investigation	I-ORG

Hann	O
var	O
einn	O
af	O
fyrstu	O
meðlimum	O
Greenpeace	B-ORG
.	O

tilvísun	O
Concerned	B-ORG
Women	I-ORG
for	I-ORG
America	I-ORG

Þá	O
nefndist	O
bærinn	O
Brattahlíð	B-LOC
og	O
lá	O
í	O
miðri	O
Eystribyggð	B-LOC
.	O

Marcia	B-PER
Wallace	I-PER
(	O
Mrs.	O
Krabapple	O
)	O
;	O

Hann	O
var	O
viðurkenndur	O
af	O
Bandaríkjunum	B-LOC
sem	O
„hetja	O
sem	O
vinnur	O
að	O
binda	O
enda	O
á	O
nútímaþrælahald“	O
.	O

TILVÍSUN	O
Stofn	B-ORG
(	I-ORG
málfræði	I-ORG
)	I-ORG

tilvísun	O
Pýramídinn	B-ORG
mikli	I-ORG
í	I-ORG
Gísa	I-ORG

Heilaga	B-ORG
rómverska	I-ORG
ríkið	I-ORG

tilvísun	O
Dimítríj	B-PER
1	I-PER
.	I-PER

Með	O
Guðbrandi	B-PER
Vigfússyni	I-PER
,	O
sem	O
skrifaði	O
upp	O
textann	O
.	O

tilvísun	O
West	B-ORG
Ham	I-ORG
United	I-ORG
F.C	I-ORG
.	I-ORG

Meðlimur	O
Heimsviðskiptaráðstefnunnar	B-ORG
í	I-ORG
Davos	I-ORG
árin	O
2000-2004	O

Rómverskir	B-LOC
hermenn	O
hafa	O
nýlokið	O
endurbyggingu	O
Gaulverjabæjar	O
.	O

Siðaskiptin	B-ORG
gengu	O
aldrei	O
í	O
garð	O
í	O
héraðinu	O
,	O
þar	O
sem	O
ströng	O
lög	O
gegn	O
nýju	O
trúnni	O
voru	O
í	O
gildi	O
.	O

Búlgaría	B-LOC
(	O
63	O
)	O

Þekktasti	O
kuðungsferillinn	O
er	O
kenndur	O
við	O
Arkímedes	B-PER
.	O

Þeirra	O
sæti	O
taka	O
Víkingur	B-ORG
Ó	I-ORG
.	I-ORG
og	O
Þróttur	B-ORG
R	I-ORG
.	I-ORG

'	O
''	O
Pólsk-litháíska	B-LOC
samveldið	I-LOC
''	O
'	O

'	O
''	O
Wish	B-ORG
You	I-ORG
Were	I-ORG
Here	I-ORG
''	O
'	O
''	O

Cobie	B-PER
Smulders	I-PER
sem	O
Robin	B-PER
Scherbatsky	I-PER

Liðið	O
dróst	O
á	O
móti	O
Danmörku	B-LOC
og	O
tapaði	O
einvíginu	O
naumlega	O
á	O
útivallarmarki	O
.	O

Bogi	B-PER
Th.	I-PER
Melsteð	I-PER
lét	O
þessa	O
hugmynd	O
fyrst	O
í	O
ljósi	O
opinberlega	O
.	O

'	O
''	O
Rangárþing	B-LOC
ytra	I-LOC
66	O
''	O
'-	O
44	O
Dalvík	B-LOC

tilvísun	O
Gramm	B-ORG
(	I-ORG
útgáfa	I-ORG
)	I-ORG

'	O
''	O
Brasilía	B-LOC
''	O
'	O

tilvísun	O
Albert	B-PER
2.	I-PER
Belgíukonungur	I-PER

Í	O
Heimskringlu	B-LOC
segir	O
Snorri	B-PER
Sturluson	I-PER
hann	O
hafa	O
vera	O
stórvitran	O
og	O
minnugan	O
.	O

Athugið	O
að	O
ef	O
þú	O
biður	O
um	O
„latte“	O
á	O
Ítalíu	B-LOC
færir	O
þjónninn	O
þér	O
nær	O
örugglega	O
mjólkurglas	O
.	O

Varaþingmenn	O
Samtakanna	O
kjörtímabilið	O
1974-1978	O
,	O
voru	O
Ólafur	B-PER
Ragnar	I-PER
Grímsson	I-PER
og	O
Jón	B-PER
Baldvin	I-PER
Hannibalsson	I-PER
eins	O
og	O
fyrr	O
sagði	O
.	O

einusinni	O
með	O
lausgyrtum	O
flugfreyjum	O
frá	O
Icelandair	B-ORG

Camillo	B-PER
Benso	I-PER
greifi	I-PER
af	I-PER
Cavour	I-PER

Emily	B-PER
Procter	I-PER
sem	O
Calleigh	O
Duquesne	O

Eftir	O
að	O
hann	O
lét	O
af	O
því	O
starfi	O
,	O
sendi	O
hann	O
''Ísafold	B-ORG
''	I-ORG
erlendar	O
fréttir	O
.	O

Svæðisstjóri	O
fyrir	O
PSI	B-ORG
1975-1984	O

''	O
,	O
''Manhood	O
''	O
,	O
''Wonderland	O
''	O
og	O
Ratatouille	B-ORG
.	O

TILVÍSUN	O
Kaliforníuháskóli	B-ORG
í	I-ORG
Merced	I-ORG

Josh	B-PER
Radnor	I-PER
sem	O
Ted	B-PER
Mosby	I-PER

Kujavíska-Pommern	B-LOC
(	I-LOC
hérað	I-LOC
)	I-LOC

Kristján	B-PER
10	I-PER
.	I-PER

Þorsteinn	B-PER
Pálsson	I-PER
verður	O
formaður	O
Sjálfstæðisflokksins	B-ORG
.	O

Hann	O
tengist	O
Karíbahafi	B-LOC
um	O
Panamaskurðinn	B-LOC
.	O

Hann	O
reyndi	O
einnig	O
að	O
kaupa	O
DV	B-ORG
,	O
sem	O
hafði	O
fjallað	O
um	O
málið	O
,	O
til	O
að	O
leggja	O
blaðið	O
niður	O
.	O

Þær	O
áttu	O
þannig	O
sinn	O
þátt	O
í	O
því	O
að	O
hann	O
var	O
valinn	O
forsetaefni	O
Repúblikanaflokksins	B-ORG
árið	O
eftir	O
.	O

tilvísun	O
Harry	B-PER
S.	I-PER
Truman	I-PER

Vín	B-LOC
(	O
fastanefnd	O
við	O
Öryggis-	B-ORG
og	I-ORG
samvinnustofnun	I-ORG
Evrópu	I-ORG
og	O
Sameinuðu	B-ORG
þjóðirnar	I-ORG
)	O

Eftir	O
milligöngu	O
Breta	B-LOC
náðust	O
sættir	O
og	O
Mexíkóstjórn	O
lofaði	O
að	O
greiða	O
pesóana	O
600.000	O
.	O

Landið	O
er	O
á	O
teygir	O
sig	O
sitthvoru	O
megin	O
við	O
46°N	O
sem	O
er	O
svipað	O
og	O
Frakkland	B-LOC
.	O

Þar	O
er	O
fyrsta	O
heimili	O
fyrir	O
þroskahefta	O
á	O
Íslandi	B-LOC
.	O

tilvísun	O
Johannes	B-PER
Nicolaus	I-PER
Brønsted	I-PER

Kommúnistaflokkur	B-ORG
Íslands	I-ORG
(	I-ORG
m-l	I-ORG
)	I-ORG

TILVÍSUN	O
Hilmir	B-PER
Snær	I-PER
Guðnason	I-PER

Á	O
meðan	O
sendu	O
Hitler	B-PER
og	O
Mussolini	B-PER
heilar	O
hersveitir	O
á	O
vettvang	O
og	O
einræðisstjórnin	O
í	O
Portúgal	B-LOC
veitti	O
opinskátt	O
aðstoð	O
yfir	O
landamærin	O
.	O

Skaginn	O
er	O
umlukinn	O
hafi	O
nema	O
þar	O
sem	O
hann	O
tengist	O
Kólaskaga	B-LOC
.	O

Her	O
Margrétar	B-PER
Valdimarsdóttur	I-PER
sest	O
um	O
Stokkhólm	B-LOC
sem	O
varinn	O
er	O
af	O
her	O
Albrekts	B-PER
af	I-PER
Mecklenburg	I-PER
.	O

'	O
''	O
Reykjavík	B-LOC
71	O
''	O
'	O
-	O
Reykjanesbær	B-LOC
61	O

Átta	O
eru	O
þekktar	O
og	O
varðveittar	O
í	O
ritum	O
Aristótelesar	B-PER
.	O

Lúxemborg	B-LOC
(	O
12	O
)	O

Sankti	B-LOC
Kristófer	I-LOC
og	I-LOC
Nevis	I-LOC

Á	O
henni	O
flytur	O
Ómar	B-PER
Ragnarsson	I-PER
sín	O
bestu	O
lög	O
.	O

Skólinn	O
er	O
þekktur	O
fyrir	O
gráður	O
sínum	O
í	O
flugsögu	O
(	O
í	O
samstarfi	O
við	O
École	B-ORG
nationale	I-ORG
de	I-ORG
l'aviation	I-ORG
civile	I-ORG
''	O
)	O
.	O

CSI	B-ORG
:	I-ORG
Crime	I-ORG
Scene	I-ORG
Investigation	I-ORG

Panic	B-ORG
!	I-ORG
At	I-ORG
The	I-ORG
Disco	I-ORG

Talið	O
er	O
að	O
fjallið	O
hafi	O
gosið	O
48	O
sinnum	O
síðustu	O
400	O
ár	O
eða	O
frá	O
því	O
að	O
Spánverjar	B-LOC
komu	O
til	O
eyjanna	O
.	O

Þaðan	O
lá	O
leiðin	O
til	O
Bandaríkjanna	B-LOC
.	O

tilvísun	O
Elísabet	B-PER
2.	I-PER
Bretadrottning	I-PER

TILVÍSUN	O
Aulus	B-PER
Persius	I-PER
Flaccus	I-PER

tilvísun	O
Fiskur	B-ORG
og	I-ORG
franskar	I-ORG

Swansea	B-LOC
(	O
''Abertawe	O
''	O
)	O

Myndinni	O
var	O
aðeins	O
dreift	O
á	O
mynddiski	B-ORG
.	O

Langvía	B-LOC
er	O
strjáll	O
vetrargestur	O

Þjóðþingið	O
kemur	O
saman	O
í	O
Kristjánsborgarhöll	B-ORG
í	O
Kaupmannahöfn	B-LOC
.	O

Heiti	O
ostsins	O
er	O
auk	O
þess	O
verndað	O
af	O
reglugerð	O
Evrópusambandsins	B-ORG
nr	O
.	O

Víkingur	B-ORG
b-lið	I-ORG
-	O
Fram	O

Adolf	B-PER
Hitler	I-PER
taldi	O
hann	O
mögulegan	O
eftirmann	O
sinn	O
.	O

Hún	O
liggur	O
gegnt	O
eyjunni	O
Rügen	B-LOC
(	O
''Ré	O
''	O
)	O
og	O
gengur	O
stór	O
stálbrú	O
yfir	O
sundið	O
Strelasund	O
.	O

CSI	B-ORG
:	I-ORG
Crime	I-ORG
Scene	I-ORG
Investigation	I-ORG

CSI	B-ORG
:	I-ORG
Crime	I-ORG
Scene	I-ORG
Investigation	I-ORG

Alþjóðlegir	B-ORG
merkisdagar	I-ORG
og	I-ORG
merkisár	I-ORG

tilvísun	O
Arngrímur	B-PER
Jónsson	I-PER
lærði	I-PER

„Obscured	O
by	O
Clouds“	O
(	O
David	B-PER
Gilmour	I-PER
/	O
Roger	B-PER
Waters	I-PER
)	O
–	O
3:03	O

George	B-PER
Washington	I-PER
var	O
skipaður	O
yfirmaður	O
hersins	O
.	O

tilvísun	O
Ríkisstjórnir	B-ORG
Samfylkingarinnar	I-ORG
og	I-ORG
Vinstrihreyfingarinnar	I-ORG
-	I-ORG
græns	I-ORG
framboðs	I-ORG
2009-2013	I-ORG

tilvísun	O
Central	B-ORG
Intelligence	I-ORG
Agency	I-ORG

Kim	B-PER
Il	I-PER
Sung	I-PER

Tyrkir	B-LOC
fara	O
yfir	O
Bosporussund	B-LOC
og	O
inn	O
á	O
Balkanskagann	B-LOC
.	O

Í	O
nágrenni	O
við	O
bæinn	O
er	O
forn	O
vetrarbyggð	O
sem	O
kallast	O
Qilakitsoq	B-LOC
.	O

tilvísun	O
Mary	B-PER
Harris	I-PER
Jones	I-PER

Í	O
dag	O
heitir	O
landið	O
þar	O
sem	O
Ur	O
er	O
Írak	B-LOC
.	O

Svæði	O
hátíðarinnar	O
er	O
Arnarfjörður	B-LOC
,	O
Tálknafjörður	B-LOC
og	O
Patreksfjörður	B-LOC
auk	O
norðanverðs	O
Breiðafjarðar	B-LOC
.	O

Heinrich	B-PER
von	I-PER
Kleist	I-PER
(	O
1777–1811	O
)	O
,	O
þýskan	O
rithöfund	O

*mannsnafnið	O
Haukur	B-LOC
,	O
komið	O
af	O
fuglategundinni	O
.	O

Martin	B-PER
Luther	I-PER
King	I-PER
,	I-PER
Jr	I-PER
.	I-PER

'	O
''	O
Blokhus	O
''	O
'	O
er	O
strandbær	O
á	O
Jótlandi	B-LOC
og	O
er	O
mjög	O
vinsæll	O
áfangastaður	O
meðal	O
ferðamanna	O
ár	O
hvert	O
.	O

Frosnu	O
afurðirnar	O
eru	O
einnig	O
seldir	O
á	O
nálægum	O
mörkuðum	O
,	O
en	O
nokkur	O
þúsund	O
tonn	O
eru	O
flutt	O
úr	O
landi	O
,	O
aðallega	O
til	O
Bandaríkjanna	B-LOC
og	O
Frakklands	B-LOC
.	O

tilvísun	O
Rainer	B-PER
Maria	I-PER
Rilke	I-PER

KA	B-ORG
vann	O
sinn	O
fyrsta	O
og	O
eina	O
titil	O
.	O

kvæðið	O
Gróttasöng	B-LOC
,	O
og	O
er	O
nafnið	O
þá	O
dregið	O
af	O
holunni	O
sem	O
er	O
á	O
efri	O
kvarnarsteininum	O
,	O
sem	O
kornið	O
var	O
látið	O
í	O
.	O

*Finland	O
'	O
''	O
Heiðar	B-PER
Helguson	I-PER
''	O
'	O

Augustin	B-PER
Louis	I-PER
Cauchy	I-PER

Alþingi	B-ORG
hefur	O
sett	O
fram	O
lög	O
um	O
þá	O
menntastefnu	O
sem	O
krafist	O
er	O
af	O
skólastigum	O
landsins	O
.	O

Englendingar	B-LOC
rændu	O
konungsgarðinn	O
á	O
Bessastöðum	B-ORG
.	O

tilvísun	O
Jóhannes	B-PER
Sveinsson	I-PER
Kjarval	I-PER

Játvarður	B-PER
prins	I-PER
,	I-PER
jarlinn	I-PER
af	I-PER
Wessex	I-PER

Al-Kaída	B-ORG
lýsti	O
ábyrgð	O
á	O
sprengingunum	O
.	O

Siegfried	B-PER
&	I-PER
Roy	I-PER

Samsetning	B-ORG
falla	I-ORG
(	I-ORG
tölvunarfræði	I-ORG
)	I-ORG

En	O
við	O
stjórnmálastarfsemi	O
vildi	O
hann	O
aldrei	O
fást	O
,	O
þótt	O
hann	O
ætti	O
þess	O
margsinnis	O
kost	O
að	O
taka	O
að	O
sér	O
þingmensku	O
fyrir	O
Dalasýslu	B-LOC
.	O

Hryðjuverkin	B-ORG
11.	I-ORG
september	I-ORG
2001	I-ORG

Hann	O
var	O
fjórði	O
sonur	O
Sveins	B-PER
Ástríðarsonar	I-PER
sem	O
settist	O
á	O
konungsstól	O
.	O

'	O
''	O
A	B-ORG
Saucerful	I-ORG
of	I-ORG
Secrets	I-ORG
''	O
'	O
''	O

Sumir	O
vilja	O
meina	O
að	O
Kristófer	B-PER
Kólumbus	I-PER
hafi	O
einnig	O
verið	O
í	O
þessum	O
leiðangri	O
.	O

Walther	B-ORG
(	O
1	O
)	O

Johann	B-PER
Wolfgang	I-PER
von	I-PER
Goethe	I-PER

Teitur	B-PER
Þórðarson	I-PER
var	O
rekinn	O
á	O
miðju	O
tímabili	O
og	O
við	O
tók	O
Logi	B-PER
Ólafsson	I-PER
.	O

'	O
''	O
''Aldarháttur	O
''	O
'	O
''	O
er	O
ljóð	O
eftir	O
Hallgrímur	B-PER
Pétursson	I-PER
.	O

Fritillaria	B-LOC
graeca	I-LOC
''	O
Boiss	O
.	O

tilvísun	O
Possessed	B-ORG
(	I-ORG
hljómplata	I-ORG
)	I-ORG

tilvísun	O
Jakob	B-PER
6.	I-PER
Skotakonungur	I-PER

Stærsta	O
borgin	O
í	O
fylkinu	O
er	O
Fredrikstad	B-LOC
,	O
með	O
um	O
71.000	O
íbúa	O
.	O

Mústafa	B-PER
1	I-PER
.	I-PER
(	O
1617-1618	O
)	O

Lið	O
AGD	O
rannsaka	O
röð	O
morða	O
í	O
San	B-LOC
Francisco	I-LOC
sem	O
gefa	O
til	O
kynna	O
að	O
Zodiac	O
raðmorðinginn	O
hafi	O
snúið	O
aftur	O
.	O

Núverandi	O
þátttökulönd	O
eru	O
Andorra	B-LOC
,	O
Ísland	B-LOC
,	O
Kýpur	B-LOC
,	O
Liechtenstein	B-LOC
,	O
Lúxemborg	B-LOC
,	O
Malta	B-LOC
,	O
Mónakó	B-LOC
,	O
San	B-LOC
Marínó	I-LOC
og	O
Svartfjallaland	B-LOC
.	O

Border	B-ORG
collie	I-ORG
,	O
eða	O
merkjakolur	O

tilvísun	O
Rót	B-ORG
(	I-ORG
málvísindi	I-ORG
)	I-ORG

'	O
''	O
Magnús	B-PER
Scheving	I-PER
''	O
'	O

Leikstjóri	O
var	O
Friðrik	B-PER
Þór	I-PER
Friðriksson	I-PER
.	O

HBO	B-ORG
hefur	O
framleitt	O
þætti	O
gerða	O
eftir	O
bókinni	O
.	O

tilvísun	O
George	B-PER
R.R.	I-PER
Martin	I-PER

Tom	B-PER
Cruise	I-PER
sýndi	O
einnig	O
áhuga	O
á	O
hlutverkinu	O
en	O
himinhá	O
launakrafa	O
hans	O
var	O
aldrei	O
tekin	O
alvarlega	O
.	O

'	O
''	O
Litháen	B-LOC
''	O
'	O

Kirkja	B-ORG
Jesú	I-ORG
Krists	I-ORG
hinna	I-ORG
síðari	I-ORG
daga	I-ORG
heilögu	I-ORG

Ráðhúsið	O
var	O
þá	O
þegar	O
orðið	O
eitt	O
það	O
stærsta	O
í	O
Evrópu	B-LOC
.	O

Formaður	O
hans	O
er	O
Yasuo	B-PER
Fukuda	I-PER
.	O

Leturhumar	B-LOC
er	O
sú	O
humartegund	O
sem	O
veiðist	O
hér	O
við	O
land	O
.	O

Elbridge	B-PER
Gerry	I-PER
''	O
enginn	O
''	O

TILVÍSUN	O
Peter	B-PER
Andreas	I-PER
Munch	I-PER

Sigurður	B-PER
Jórsalafari	I-PER
reisti	O
þar	O
kastala	O
og	O
gerði	O
bæinn	O
að	O
höfuðstað	O
sínum	O
.	O

'	O
''	O
Svipa	O
''	O
'	O
er	O
starfsstaða	O
innan	O
beggja	O
flokkanna	O
á	O
Bandaríska	B-ORG
þinginu	I-ORG
.	O

Święty	B-LOC
Krzyż	I-LOC
(	I-LOC
hérað	I-LOC
)	I-LOC

Fram	O
-	O
Stjarnan	B-ORG
16:15	O

Hann	O
varð	O
nemandi	O
Sókratesar	B-PER
,	O
sem	O
bar	O
hlýjan	O
hug	O
til	O
hans	O
.	O

Að	O
auki	O
eru	O
fjölmargar	O
undirstofnanir	O
,	O
til	O
dæmis	O
UNICEF	B-ORG
og	O
WHO	B-ORG
.	O

Í	O
Róm	B-LOC
var	O
hann	O
leiddur	O
fáklæddur	O
milli	O
höfuðkirkna	O
og	O
hýddur	O
.	O

'	O
''	O
Valgerður	B-PER
Sverrisdóttir	I-PER
(	O
2	O
)	O
'	O
''	O

Það	O
er	O
til	O
fjölskylda	O
af	O
rannsóknarþáttum	O
á	O
CBS	O
(	O
sumir	O
framleiddir	O
af	O
Jerry	B-PER
Bruckheimer	I-PER
)	O
sem	O
hafa	O
verið	O
notaðir	O
til	O
þess	O
að	O
byggja	O
upp	O
söguþræði	O
á	O
milli	O
þeirra	O
og	O
CSI-þáttanna	O
.	O

Það	O
var	O
í	O
margar	O
aldir	O
stjórnað	O
af	O
furstabiskupum	O
úr	O
borginni	O
Utrecht	B-LOC
.	O

Þá	O
fluttist	O
hann	O
til	O
Reykjavíkur	B-LOC
.	O

TILVÍSUN	O
Logi	B-PER
Bergmann	I-PER
Eiðsson	I-PER

TILVÍSUN	O
Ku	B-ORG
Klux	I-ORG
Klan	I-ORG

Borgarvefsjá	O
-	O
kort	O
af	O
Reykjavík	B-LOC

Ilmenít	B-ORG
er	O
mest	O
unnið	O
úr	O
fjörusandi	O
.	O

Hún	O
er	O
einnig	O
þekkt	O
fyrir	O
að	O
hafa	O
verið	O
gift	O
Kurt	B-PER
Cobain	I-PER
í	O
tvö	O
ár	O
.	O

Emerson	B-ORG
,	I-ORG
Lake	I-ORG
&	I-ORG
Palmer	I-ORG

Hún	O
var	O
skrifuð	O
og	O
leikstýrð	O
af	O
Quentin	B-PER
Tarantino	I-PER
.	O

Þetta	O
þótti	O
mörgum	O
íbúum	O
nýlendnanna	O
ósanngjarnt	O
þar	O
sem	O
þeim	O
var	O
neitað	O
um	O
að	O
hafa	O
málsvara	O
í	O
breska	B-ORG
þinginu	I-ORG
.	O

Þannig	O
er	O
það	O
til	O
dæmis	O
á	O
Íslandi	B-LOC
og	O
í	O
Bandaríkjunum	B-LOC
.	O

Meðal	O
annars	O
jókst	O
mikilvægi	O
Evrópusambandsins	B-ORG
.	O

tilvísun	O
Isabel	B-PER
Martínez	I-PER
de	I-PER
Perón	I-PER

tilvísun	O
Efnahags-	B-ORG
og	I-ORG
viðskipta­ráðuneyti	I-ORG
Íslands	I-ORG

Two	B-ORG
and	I-ORG
a	I-ORG
Half	I-ORG
Men	I-ORG

tilvísun	O
Rót	B-ORG
(	I-ORG
virki	I-ORG
)	I-ORG

tilvísun	O
Iður	B-ORG
(	I-ORG
mengjafræði	I-ORG
)	I-ORG

tilvísun	O
Píanósónata	B-ORG
nr.	I-ORG
14	I-ORG
(	I-ORG
Beethoven	I-ORG
)	I-ORG

'	O
''	O
Króatía	B-LOC
''	O
'	O

Hann	O
var	O
í	O
hljómsveitunum	O
Purrki	B-ORG
Pillnikk	I-ORG
og	O
Sykurmolunum	B-ORG
og	O
var	O
einn	O
af	O
stofnendum	O
Smekkleysu	B-ORG
.	O

Kommúnistaflokkur	B-ORG
Íslands	I-ORG
(	I-ORG
m-l	I-ORG
)	I-ORG

Halldór	B-PER
Laxness	I-PER
talar	O
um	O
þýðingu	O
þessa	O
í	O
einni	O
minningarbók	O
sinna	O
.	O

tilvísun	O
Joseph	B-PER
Paul	I-PER
Gaimard	I-PER

Simbabve	B-LOC
(	O
13	O
)	O

tilvísun	O
Kristján	B-PER
2	I-PER
.	I-PER

Sýslan	O
liggur	O
fyrir	O
botni	O
Húnaflóa	B-LOC
og	O
er	O
alls	O
um	O
4920	O
km²	O
.	O

Leikinn	O
af	O
Rob	B-PER
Morrow	I-PER
.	O

Borgin	O
liggur	O
í	O
norðurhluta	O
landsins	O
við	O
fljótið	O
Dnjepr	B-ORG
.	O

Karlalandsliðið	B-ORG
lék	O
nokkra	O
vináttulandsleiki	O
á	O
tímabilinu	O
.	O

TILVÍSUN	O
Tiberius	B-PER
Sempronius	I-PER
Gracchus	I-PER

tilvísun	O
The	B-ORG
Number	I-ORG
of	I-ORG
the	I-ORG
Beast	I-ORG

Aserbaídsjan	B-LOC
(	O
53	O
)	O

tilvísun	O
Liverpool	B-ORG
(	I-ORG
knattspyrnufélag	I-ORG
)	I-ORG

Kröfum	O
um	O
að	O
framselja	O
hann	O
til	O
Danmerkur	B-LOC
var	O
alfarið	O
hafnað	O
.	O

Hann	O
bjó	O
í	O
mörg	O
ár	O
í	O
Lausanne	B-LOC
í	O
Sviss	B-LOC
og	O
leit	O
að	O
ýmsu	O
leyti	O
á	O
sig	O
fremur	O
sem	O
Svisslending	O
en	O
Englending	O
.	O

'	O
''	O
Japan	B-LOC
''	O
'	O

'	O
''	O
Úrúgvælotan	B-ORG
''	O
'	O

'	O
''	O
Kaldrananeshreppur	B-LOC
''	O
'	O

Hún	O
er	O
meðlimur	O
og	O
einnig	O
einn	O
stofnenda	O
hljómsveitarinnar	O
Dixie	B-ORG
Chicks	I-ORG
.	O

'	O
''	O
Spánn	B-LOC
og	O
Portúgal	B-LOC
''	O
'	O

Höfuðstaðurinn	O
í	O
fylkinu	O
er	O
Lillehammer	B-LOC
,	O
með	O
um	O
26.000	O
íbúa	O
.	O

Vestasti	O
endir	O
kantónunnar	O
nemur	O
við	O
Genfarvatn	B-LOC
.	O

Richmond	B-ORG
upon	I-ORG
Thames	I-ORG
(	I-ORG
borgarhluti	I-ORG
)	I-ORG

Hann	O
var	O
undir	O
áhrifum	O
frá	O
Isaac	B-PER
Newton	I-PER
.	O

Volkhov	B-LOC
(	I-LOC
borg	I-LOC
)	I-LOC

Jóhannes	B-PER
Páll	I-PER
2	I-PER
.	I-PER

TILVÍSUN	O
Grafhýsið	B-ORG
í	I-ORG
Halikarnassos	I-ORG

Framkvæmd	O
leikanna	O
þótti	O
að	O
mörgu	O
leyti	O
takast	O
vel	O
,	O
en	O
þó	O
skyggði	O
á	O
að	O
nær	O
eingöngu	O
keppendur	O
frá	O
Norður-Ameríku	B-LOC
tóku	O
þátt	O
í	O
þeim	O
.	O

Staða	O
hans	O
sem	O
''dictator	O
''	O
er	O
almennt	O
talin	O
tilheyra	O
rómverska	B-LOC
lýðveldinu	I-LOC
.	O

Hvíta	B-ORG
húsið	I-ORG
(	I-ORG
Washington	I-ORG
,	I-ORG
D.C	I-ORG
.	I-ORG
)	I-ORG

Dæmi	O
um	O
þetta	O
er	O
guðshugmynd	O
Aristótelesar	B-PER
.	O

Arduino	O
vélbúnaðarhönnun	O
er	O
dreift	O
með	O
Creative	B-ORG
Commons	I-ORG
Attribution	O
Share-Alike	O
2.5	O
höfundarleyfi	O
.	O

Kingston	B-LOC
upon	I-LOC
Thames	I-LOC
(	I-LOC
borgarhluti	I-LOC
)	I-LOC

CSI	B-ORG
:	I-ORG
Crime	I-ORG
Scene	I-ORG
Investigation	I-ORG

Höfuðstöðvar	O
þeirra	O
eru	O
staðsettar	O
í	O
Ósló	B-LOC
.	O

Hendrik	B-PER
Antoon	I-PER
Lorentz	I-PER

Vilhjálmi	B-PER
2.	I-PER
Þýskalandskeisara	I-PER
var	O
ýtt	O
til	O
hliðar	O
og	O
hann	O
hafði	O
lítið	O
að	O
segja	O
um	O
framgöngu	O
stríðsrekstursins	O
.	O

Dante	B-PER
Alighieri	I-PER
var	O
rekinn	O
í	O
útlegð	O
frá	O
Flórens	B-LOC
.	O

(	O
357a-383c	O
)	O
Ríkið	B-ORG
II	I-ORG

Við	O
götuna	O
standa	O
fá	O
íbúðahús	O
sem	O
og	O
tvö	O
hús	O
Menntaskólans	B-ORG
í	I-ORG
Reykjavík	I-ORG
og	O
er	O
annað	O
þeirra	O
kallað	O
eftir	O
götunni	O
í	O
daglegu	O
tali	O
nemenda	O
.	O

Gínea	B-LOC
(	O
1	O
)	O

TILVÍSUN	O
Dómkirkjan	B-ORG
í	I-ORG
Reykjavík	I-ORG

Skipið	O
var	O
að	O
koma	O
frá	O
Liverpool	B-LOC
á	O
Englandi	B-LOC
til	O
Íslands	B-LOC
og	O
var	O
upprunalega	O
á	O
leið	O
til	O
Vestmannaeyja	B-LOC
en	O
áætlun	O
var	O
breytt	O
og	O
ákveðið	O
að	O
fara	O
til	O
Eskifjarðar	B-LOC
.	O

tilvísun	O
Godspeed	B-ORG
You	I-ORG
!	I-ORG
Black	I-ORG
Emperor	I-ORG

Þeir	O
eru	O
ættaðir	O
frá	O
Suður-Ameríku	B-LOC
,	O
nánar	O
tiltekið	O
löndum	O
í	O
Andesfjöllum	B-LOC
eins	O
og	O
Bólivíu	B-LOC
,	O
Perú	B-LOC
og	O
Ekvador	B-LOC
.	O

tilvísun	O
Fjölnir	B-ORG
(	I-ORG
tímarit	I-ORG
)	I-ORG

**	O
Göng	O
undir	O
Öskjuhlíð	B-ORG
.	O

Óendurnýjanlegir	O
stofnar	O
eru	O
óendurnýjanlegar	B-ORG
auðlindir	I-ORG
.	O

Dómkirkjan	B-ORG
í	I-ORG
Flórens	I-ORG

Ári	O
síðar	O
fór	O
hann	O
á	O
láni	O
til	O
Viking	B-ORG
Fotballklubb	I-ORG
.	O

Miðflokkurinn	B-ORG
(	O
3	O
)	O

Listi	B-ORG
yfir	I-ORG
fangelsi	I-ORG
á	I-ORG
Íslandi	I-ORG

Bærinn	O
stendur	O
norðan	O
megin	O
við	O
Genfarvatn	B-LOC
.	O

Eingöngu	O
er	O
hægt	O
að	O
nálgast	O
leikinn	O
gegnum	O
Steam	B-ORG
.	O

Sörkvir	B-PER
yngri	I-PER
Karlsson	I-PER
(	O
S	O
.	O
)	O

Öll	O
lög	O
á	O
plötunni	O
eru	O
eftir	O
Noel	B-PER
Gallagher	I-PER
.	O

''	O
'Wyoming	O
''	O
'	O
er	O
fylki	B-LOC
í	O
Bandaríkjunum	B-LOC
.	O

Hann	O
vann	O
mestan	O
hluta	O
ævi	O
sinnar	O
við	O
hirð	O
Loðvíks	B-PER
14	I-PER
.	I-PER
Frakkakonungs	O
.	O

himbrima	B-ORG
(	O
''Gavia	O
immer	O
''	O
)	O

TILVÍSUN	O
Tækniháskólinn	B-ORG
í	I-ORG
Kaliforníu	I-ORG

tilvísun	O
Heiðmörk	B-LOC
(	I-LOC
fylki	I-LOC
í	I-LOC
Noregi	I-LOC
)	I-LOC

Alfred	B-PER
Jules	I-PER
Ayer	I-PER

Evrópukeppnin	B-ORG
í	I-ORG
knattspyrnu	I-ORG
2008	I-ORG

S	B-ORG
kem	I-ORG
ty	I-ORG
?	I-ORG
''	O
[С	O
кем	O
ты	O
?	O

Einn	O
af	O
gluggunum	O
var	O
málaður	O
af	O
Albrecht	B-PER
Dürer	I-PER
.	O

Rekstur	O
verksmiðjunnar	O
var	O
erfiður	O
framan	O
af	O
,	O
bæði	O
vegna	O
málaferla	O
innan	O
fyrirtækisins	O
og	O
erfiðra	O
viðskiptaaðstæðna	O
í	O
Rússlandi	B-LOC
.	O

'	O
''	O
Bornúveldið	B-ORG
''	O
'	O

'	O
''	O
Hallgrímur	B-PER
Helgason	I-PER
''	O
'	O

TILVÍSUN	O
H.	B-PER
G.	I-PER
Wells	I-PER

===	O
Vinstrihreyfingin	B-ORG
–	I-ORG
grænt	I-ORG
framboð	I-ORG
===	O

Þetta	O
eru	O
fyrstu	O
málmdyr	O
sem	O
smíðaðar	O
voru	O
eftir	O
daga	O
Karlamagnúsar	B-PER
.	O

Stokkhólmsbanki	B-ORG
var	O
stofnaður	O
.	O

Til	O
dæmis	O
gefur	O
ESB	B-ORG
einstaklingum	O
aðildarríkjanna	O
alþjóðaríkisborgarétt	O
.	O

Martin	B-PER
Sheen	I-PER
sem	O
Jed	O
Bartlet	O

''	O
Family	B-ORG
Guy	I-ORG
''	O

Aldo	B-PER
Moro	I-PER
(	O
annað	O
skipti	O
)	O

Emily	B-PER
Procter	I-PER
sem	O
Calleigh	O
Duquesne	O

Fram	O
-	O
Stjarnan	B-ORG
19:14	O

Katrín	B-PER
Jakobsdóttir	I-PER
,	O
fyrrv	O
.	O

Faðir	O
hans	O
var	O
Ragnar	B-PER
loðbrók	I-PER
.	O

Þetta	O
var	O
í	O
raun	O
sambræðingur	O
úr	O
kenningum	O
Kóperníkusar	B-PER
og	O
Aristótelesar	B-PER
.	O

Lena	B-PER
(	O
160	O
)	O

TILVÍSUN	O
Auður	B-PER
djúpúðga	I-PER
Ketilsdóttir	I-PER

tilvísun	O
Aristarkos	B-PER
frá	I-PER
Samóþrake	I-PER

tilvísun	O
Tómas	B-PER
af	I-PER
Aquino	I-PER

TILVÍSUN	O
Díodóros	B-PER
frá	I-PER
Sikiley	I-PER

Þær	O
skiptast	O
í	O
Stóru-Sundaeyjar	B-LOC
og	O
Litlu-Sundaeyjar	B-LOC
.	O

Umsjónarmaður	O
keppninnar	O
frá	O
upphafi	O
hefur	O
verið	O
Andrés	B-PER
Indriðason	I-PER
.	O

'	O
''	O
Víetnam	B-LOC
''	O
'	O

Að	O
auki	O
kom	O
fram	O
í	O
dómnum	O
að	O
ekki	O
væri	O
heimilt	O
að	O
takmarka	O
atvinnuréttindi	O
meðlima	O
Evrópusambandsins	B-ORG
með	O
því	O
að	O
leyfa	O
eingöngu	O
að	O
ákveðinn	O
fjöldi	O
útlendinga	O
léki	O
með	O
félagsliðum	O
.	O

TILVÍSUN	O
Úrbanus	B-PER
2	I-PER
.	I-PER

Setning	B-ORG
(	I-ORG
setningafræði	I-ORG
)	I-ORG

Vegurinn	O
er	O
að	O
mestu	O
tvíbreiður	O
nema	O
þar	O
sem	O
hann	O
liggur	O
í	O
gegnum	O
stærri	O
bæi	O
þar	O
sem	O
hann	O
er	O
breiðari	O
og	O
einnig	O
í	O
hluta	O
Hvalfjarðarganganna	B-ORG
.	O

Neuchatel	B-LOC
(	I-LOC
fylki	I-LOC
)	I-LOC

Pál	B-PER
Melsteð	I-PER
amtmann	O
(	O
1791-1861	O
)	O
.	O

tilvísun	O
Elísabet	B-PER
1	I-PER
.	I-PER

Á	O
við	O
um	O
þegar	O
leikið	O
er	O
í	O
tölvu	B-LOC
,	O
oftast	O
þá	O
eftir	O
leikreglum	O
.	O

Hermann	B-PER
Jónasson	I-PER
,	O
1944-1962	O

Tveir	O
buðu	O
fram	O
til	O
varaformanns	O
en	O
það	O
voru	O
þau	O
Siv	B-PER
Friðleifsdóttir	I-PER
og	O
Birkir	B-PER
Jón	I-PER
Jónsson	I-PER
.	O

Míkrónesía	B-LOC
(	O
6	O
)	O

Marmarastytta	O
af	O
stofnandanum	O
,	O
eftir	O
Bertel	B-PER
Thorvaldsen	I-PER
,	O
stendur	O
vörð	O
um	O
safnið	O
.	O

Töltið	O
finnst	O
í	O
nokkrum	O
hestakynjum	O
í	O
Norður-Ameríku	B-LOC
,	O
Suður-Ameríku	B-LOC
og	O
í	O
Asíu	B-LOC
.	O

Að	O
auki	O
er	O
hann	O
fyrrverandi	O
eiginmaður	O
og	O
barnsfaðir	O
Britneyjar	B-PER
Spears	I-PER
.	O

Í	O
dalnum	O
er	O
stöðvarhús	B-ORG
Kárahnjúkavirkjunar	I-ORG
við	O
Teigsbjarg	O
.	O

Þróttur	B-ORG
tók	O
þátt	O
í	O
fyrsta	O
skipti	O
.	O

Sverrir	B-PER
Magnús	I-PER
Noregsprins	I-PER

Einnig	O
hafa	O
móðurfélög	O
verslunnarkeðja	O
og	O
ýmis	O
fasteignafélög	O
verið	O
skráð	O
í	O
íslensku	B-ORG
kauphöllina	I-ORG
,	O
ásamt	O
fjölmörgum	O
öðrum	O
fyrirtækjum	O
.	O

F.	B-PER
Scott	I-PER
Fitzgerald	I-PER
og	O
James	B-PER
Joyce	I-PER
.	O

Gottfried	B-PER
Wilhelm	I-PER
von	I-PER
Leibniz	I-PER

Austrómverska	B-LOC
keisaradæmið	I-LOC
(	O
395-1453	O
)	O

TILVÍSUN	O
George	B-PER
H.	I-PER
W.	I-PER
Bush	I-PER

'	O
''	O
Logi	B-PER
Bergmann	I-PER
Eiðsson	I-PER
''	O
'	O

Einnig	O
Nígería	B-LOC
,	O
Holland	B-LOC
og	O
Þýskaland	B-LOC
.	O

Aðdragandinn	O
að	O
gerð	O
þessa	O
líkneskis	O
af	O
Ingólfi	B-PER
Arnarssyni	I-PER
landnámsmanni	O
var	O
mjög	O
langur	O
.	O

Alcide	B-PER
De	I-PER
Gasperi	I-PER
(	O
annað	O
skipti	O
)	O

Ullin	O
var	O
lituð	O
blá	O
og	O
var	O
eftirsótt	O
víða	O
í	O
Evrópu	B-LOC
.	O

Flytjendur	O
eins	O
og	O
Bítlarnir	B-ORG
,	O
Led	B-ORG
Zeppelin	I-ORG
,	O
Pink	B-ORG
Floyd	I-ORG
,	O
Elton	B-PER
John	I-PER
,	O
Queen	B-ORG
og	O
The	B-ORG
Rolling	I-ORG
Stones	I-ORG
eru	O
meðal	O
þeirra	O
sem	O
hafa	O
selt	O
mest	O
af	O
plötum	O
í	O
heiminum	O
.	O

Bandaríkjaþing	B-ORG
stóð	O
fyrir	O
rannsókn	O
á	O
aðdraganda	O
og	O
ástæðum	O
hrunsins	O
og	O
leitaði	O
lausna	O
til	O
þess	O
að	O
endurheimta	O
traust	O
.	O

Hugræn	B-ORG
atferlismeðferð	I-ORG
virðist	O
vera	O
gagnlegasta	O
sálfræðimeðferðin	O
við	O
lotugræðgi	O
og	O
niðurstöður	O
benda	O
til	O
þess	O
að	O
langtímaáhrifa	O
hennar	O
gæti	O
hjá	O
um	O
helmingi	O
sjúklinga	O
og	O
að	O
hún	O
gagnist	O
a.m.k	O
.	O

Egyptaland	B-LOC
(	O
103	O
)	O

TILVÍSUN	O
Queens	B-ORG
of	I-ORG
the	I-ORG
Stone	I-ORG
Age	I-ORG

Aftur	O
á	O
móti	O
geta	O
nokkrar	O
tegundir	O
þeirra	O
við	O
strendur	O
Norður-Ameríku	B-LOC
verið	O
milli	O
5	O
til	O
20	O
sentimetra	O
langir	O
.	O

Íbúar	O
eru	O
um	O
58	O
milljónir	O
og	O
landið	O
er	O
þrisvar	O
sinnum	O
stærra	O
en	O
Ísland	B-LOC
.	O

Hann	O
stofnaði	O
því	O
borgina	O
Mannheim	B-LOC
og	O
lét	O
reisa	O
sér	O
glæsilegan	O
kastala	O
þar	O
.	O

TILVÍSUN	O
H.	B-PER
P.	I-PER
Lovecraft	I-PER

Snorri	B-PER
Sturluson	I-PER
átti	O
jörðina	O
þó	O
svo	O
að	O
óvíst	O
sé	O
að	O
hann	O
hafi	O
nokkru	O
sinni	O
búið	O
þar	O
sjálfur	O
.	O

Þorlákur	B-PER
helgi	I-PER
Þórhallsson	I-PER

Universidade	B-ORG
Estadual	I-ORG
de	I-ORG
Feira	I-ORG
de	I-ORG
Santana	I-ORG

TILVÍSUN	O
W.	B-PER
H.	I-PER
Auden	I-PER

tilvísun	O
Héruð	B-LOC
í	I-LOC
Póllandi	I-LOC

Borgin	O
er	O
nefnd	O
eftir	O
konungsættinni	B-ORG
Vasa	I-ORG
.	O

'	O
''	O
Grikkland	B-LOC
'	O
''	O

31	O
%	O
íbúanna	O
tilheyra	O
engri	O
kirkju	O
,	O
aðallega	O
í	O
austurhluta	O
landsins	O
,	O
enda	O
var	O
sá	O
hluti	O
undir	B-LOC
stjórn	I-LOC
kommúnista	I-LOC
í	O
hartnær	O
40	O
ár	O
.	O

Marg	B-PER
Helgenberger	I-PER
sem	O
Catherine	O
Willows	O

tilvísun	O
Franklin	B-PER
D.	I-PER
Roosevelt	I-PER

Endurbygging	O
Westminster	B-ORG
Abbey	I-ORG
hófst	O
.	O

Two	B-ORG
and	I-ORG
a	I-ORG
Half	I-ORG
Men	I-ORG

Ásamt	O
Léonin	B-PER
er	O
hann	O
frægasti	O
meðlimur	O
þess	O
skóla	O
.	O

Lundaveiðar	O
eru	O
að	O
mestu	O
stundaðar	O
í	O
Vestmannaeyjum	B-LOC
og	O
Grímsey	B-LOC
.	O

'	O
''	O
Rússland	B-LOC
''	O
'	O

tilvísun	O
Miguel	B-PER
de	I-PER
Cervantes	I-PER

Osama	B-PER
bin	I-PER
Laden	I-PER

Frans	B-PER
Ferdinand	I-PER
erkihertogi	I-PER

'	O
''	O
Svíþjóð	B-LOC
''	O
'	O

Bandalag	B-ORG
starfsmanna	I-ORG
ríkis	I-ORG
og	I-ORG
bæja	I-ORG

Ákvörðunin	O
var	O
umdeild	O
,	O
en	O
Alþingi	B-ORG
tók	O
í	O
framhaldi	O
frumvarpið	O
af	O
dagskrá	O
,	O
þ.a	O
.	O

heimspekirit	O
í	O
tveimur	O
bindum	O
(	O
sem	O
hann	O
byggði	O
að	O
hluta	O
á	O
ritum	O
Martinus	B-PER
Thomsen	I-PER
)	O
.	O

'	O
''	O
Katrín	B-PER
Júlíusdóttir	I-PER
(	O
5	O
)	O
'	O
''	O

Í	O
samningnum	O
voru	O
ákvæði	O
um	O
tólf	O
mánaða	O
uppsagnarfrest	O
að	O
undangenginni	O
endurskoðun	O
á	O
þörf	O
fyrir	O
hervernd	O
á	O
vegum	O
Atlantshafsbandalagsins	B-ORG
.	O

'	O
''	O
Dansk-norska	B-LOC
ríkið	I-LOC
''	O
'	O

Serbía	B-LOC
(	O
115	O
)	O

Numb3rs	B-ORG
-	O
2	O
þættir	O
(	O
2006-2009	O
)	O

Two	B-ORG
and	I-ORG
a	I-ORG
Half	I-ORG
Men	I-ORG

Hann	O
var	O
skapaður	O
af	O
Kouta	B-PER
Hirano	I-PER
.	O

'	O
''	O
Reykjavík	B-LOC
70	O
''	O
'	O
-	O
66	O
Fljótsdalshérað	B-LOC

'	O
''	O
Krímkanatið	B-LOC
''	O
'	O

Hann	O
var	O
þá	O
hirðprestur	O
Ólafs	B-PER
konungs	I-PER
Tryggvasonar	I-PER
.	O

Myndinni	O
var	O
aðeins	O
dreift	O
á	O
mynddiski	B-ORG
.	O

CSI	B-ORG
:	I-ORG
Crime	I-ORG
Scene	I-ORG
Investigation	I-ORG

tilvísun	O
Listi	B-ORG
yfir	I-ORG
Numb3rs-þætti	I-ORG
(	I-ORG
4.	I-ORG
þáttaröð	I-ORG
)	I-ORG

tilvísun	O
Pan	B-ORG
American	I-ORG
World	I-ORG
Airways	I-ORG

Georgía	B-LOC
(	O
35	O
)	O

Kathy	B-PER
Bates	I-PER
sem	O
Gertrude	B-PER
Stein	I-PER

Bowser	B-PER
úr	O
Mario	B-PER
leikjunum	O

Hann	O
er	O
aðstoðarseðlabankastjóri	O
Seðlabanka	B-ORG
Íslands	I-ORG
.	O

tilvísun	O
Háskólinn	B-ORG
á	I-ORG
Bifröst	I-ORG

Menntaskólinn	B-ORG
í	I-ORG
Kópavogi	I-ORG
býður	O
upp	O
á	O
námskeið	O
í	O
fangelsinu	O
.	O

Leikinn	O
af	O
Dylan	B-PER
Bruno	I-PER
.	O

Auðnutittlingur	B-LOC
(	O
''Carduelis	O
flammea	O
''	O
)	O

Vinna	O
hófst	O
við	O
núverandi	O
Kínamúr	B-ORG
.	O

Urbana	B-LOC
(	I-LOC
Illinois	I-LOC
)	I-LOC

Jensen	B-PER
Ackles	I-PER
sem	O
Dean	O
Winchester	O

Ekki	O
er	O
hægt	O
að	O
fullyrða	O
hvort	O
staðurinn	O
er	O
Vínland	B-LOC
,	O
sem	O
sagt	O
er	O
frá	O
í	O
fornritum	O
.	O

'	O
''	O
Jyväskylä	B-LOC
''	O
'	O

Hann	O
er	O
nú	O
búsettur	O
í	O
Jórdaníu	B-LOC
.	O

TILVÍSUN	O
Ísafold	B-ORG
(	I-ORG
1874	I-ORG
)	I-ORG

Guillaume	B-PER
François	I-PER
Antoine	I-PER
l'Hôpital	I-PER

Þessu	O
mótmælti	O
þó	O
Sigurður	B-PER
Nordal	I-PER
.	O

Bruce	B-PER
Campbell	I-PER
sem	O
Sam	O
Axe	O

Hann	O
var	O
meðal	O
annars	O
aðalhljómsveitarstjóri	O
Berlínarfílharmóníunnar	B-ORG
í	O
marga	O
áratugi	O
.	O

Næst	O
á	O
eftir	O
koma	O
Bandaríkin	B-LOC
með	O
um	O
6	O
%	O
framleiðslunnar	O
,	O
því	O
næst	O
Tyrkland	B-LOC
,	O
Ítalía	B-LOC
,	O
Indland	B-LOC
og	O
loks	O
Pólland	B-LOC
.	O

Í	O
kvennaflokknum	O
voru	O
hollenskarstúlkur	B-LOC
sigursælastar	O
með	O
fern	O
af	O
fimm	O
gullverðlaunum	O
.	O

Kauphöll	B-ORG
Íslands	I-ORG
sótt	O
þann	O
06.05.2015	O

tilvísun	O
James	B-PER
Bradstreet	I-PER
Greenough	I-PER

Talið	O
er	O
að	O
gosið	O
hafi	O
verið	O
nálægt	O
Grímsvötnum	B-LOC
.	O

Hún	O
hefur	O
undanfarin	O
ár	O
leitt	O
vindorkuverkefni	O
Landsvirkjunar	B-ORG
.	O

Um	O
þetta	O
orti	O
Grímur	B-PER
Thomsen	I-PER
kvæðið	O
''Skúlaskeið	O
''	O
.	O

„Ob“	O
vísar	O
til	O
fljóts	B-LOC
með	O
því	O
nafni	O
.	O

CSI	B-ORG
:	I-ORG
Crime	I-ORG
Scene	I-ORG
Investigation	I-ORG

Kathryn	B-PER
Joosten	I-PER
sem	O
Delores	O
Landingham	O

Hummer-bílar	B-ORG
komu	O
fyrst	O
á	O
markað	O
.	O

Englendingar	B-LOC
brenndu	O
Aberdeen	B-LOC
.	O

Loðvík	B-PER
8.	I-PER
Frakkakonungur	I-PER

Í	O
suðri	O
tengist	O
hafið	O
Suður-Kínahafi	B-LOC
um	O
Malakkasund	B-LOC
milli	O
Indónesíu	B-LOC
og	O
Malasíu	B-LOC
.	O

**	O
Menntaskólinn	B-ORG
á	I-ORG
Akureyri	I-ORG
komst	O
áfram	O
sem	O
stigahæsta	O
taplið	O

Það	O
var	O
stundum	O
notað	O
sem	O
viðurnefni	O
meðal	O
Rómverja	B-LOC
,	O
t.d	O
.	O

'	O
''	O
Pólland	B-LOC
'	O
''	O

**Taplið	O
Menntaskólinn	B-ORG
við	I-ORG
Sund	I-ORG
(	O
með	O
)	O
2398	O
stig	O

Í	O
Danmörku	B-LOC
,	O
Noregi	B-LOC
og	O
Svíþjóð	B-LOC
byggist	O
kerfið	O
upp	O
á	O
mánaðargreiðslum	O
.	O

Keldusvín	B-LOC
''Rallus	O
aquaticus	O
''	O
Sjaldséð	O

Tilvísun	O
Ríkisstjórnir	B-ORG
Sjálfstæðis-	I-ORG
og	I-ORG
Framsóknarflokks	I-ORG
1995	I-ORG
–	I-ORG
2007	I-ORG

tilvísun	O
Thomas	B-PER
Henry	I-PER
Huxley	I-PER

tilvísun	O
Háskólinn	B-ORG
í	I-ORG
London	I-ORG

'	O
''	O
Reykhólahreppur	B-LOC
''	O
'	O

Þekktastur	O
þeirra	O
var	O
Þangbrandur	B-PER
.	O

Þegar	O
farið	O
var	O
að	O
byggja	O
Dómkirkjuna	B-ORG
,	O
var	O
grjótið	O
til	O
hennar	O
rifið	O
upp	O
úr	O
Grjótatúni	O
og	O
það	O
ónýtt	O
.	O

TILVÍSUN	O
Harpa	B-ORG
(	I-ORG
tónlistarhús	I-ORG
)	I-ORG

Það	O
er	O
3,2	O
ferkílómetrar	B-ORG
að	O
stærð	O
.	O

Hálfsystir	O
hennar	O
,	O
Elísabet	B-PER
1	I-PER
.	I-PER
,	O
tók	O
við	O
af	O
henni	O
þegar	O
hún	O
lést	O
barnlaus	O
.	O

tilvísun	O
Úrvalsdeild	B-ORG
kvenna	I-ORG
í	I-ORG
knattspyrnu	I-ORG

Í	O
tilefni	O
þess	O
var	O
klaustrið	O
opnað	O
fyrir	O
forseta	B-ORG
Íslands	B-LOC
,	O
biskupi	B-PER
og	O
fleiri	O
gestum	O
.	O

''	O
CSI	B-ORG
:	I-ORG
NY	I-ORG
''	O

Eldgos	B-LOC
í	O
Grímsvötnum	B-LOC
.	O

TILVÍSUN	O
Háskólinn	B-ORG
í	I-ORG
Manchester	I-ORG

Windows	B-ORG
XP	I-ORG
(	I-ORG
Windows	B-ORG
NT	I-ORG
5.1	I-ORG
)	I-ORG

tilvísun	O
Karl	B-PER
10.	I-PER
Gústaf	I-PER

TILVÍSUN	O
Meyjarhofið	B-ORG
í	I-ORG
Aþenu	I-ORG

Evrópukeppnin	B-ORG
í	I-ORG
knattspyrnu	I-ORG
2008	I-ORG

Simpson-fjölskyldan	B-ORG
,	I-ORG
þáttaröð	I-ORG
9	I-ORG
(	O
1997-1998	O
)	O

Kommúnistaflokkur	B-ORG
Íslands	I-ORG
(	I-ORG
m-l	I-ORG
)	I-ORG

Haustið	O
-	O
Gamli	B-ORG
skóli	I-ORG
tekinn	O
í	O
notkun	O
á	O
Akureyri	B-LOC
.	O

Marg	B-PER
Helgenberger	I-PER
sem	O
Catherine	O
Willows	O

Yfirburðatímar	O
Fram	O
og	O
FH	B-ORG
reyndust	O
hins	O
vegar	O
á	O
enda	O
runnir	O
.	O

Þrjú	O
lið	O
tóku	O
þátt	O
;	O
KR	B-ORG
,	O
Fram	B-ORG
og	O
Valur	B-ORG
.	O

Chester	B-PER
A.	I-PER
Arthur	I-PER

Hann	O
er	O
best	O
þekktur	O
fyrir	O
að	O
vera	O
meðlimur	O
rokkhljómsveitarinnar	O
Led	B-ORG
Zeppelin	I-ORG
.	O

tilvísun	O
Frjálslyndi	B-ORG
lýðræðisflokkurinn	I-ORG
(	I-ORG
Japan	I-ORG
)	I-ORG

Tómas	B-PER
af	I-PER
Aquino	I-PER

''	O
Rússland	B-LOC
''	O
er	O
venjulega	O
haft	O
í	O
flokki	O
út	O
af	O
fyrir	O
sig	O
út	O
af	O
einstæðri	O
stöðu	O
sinni	O
á	O
svæðinu	O
.	O

20th	B-ORG
Century	I-ORG
Fox	I-ORG
var	O
drefingaraðili	O
.	O

Taking	B-ORG
the	I-ORG
Long	I-ORG
Way	I-ORG

En	O
það	O
ár	O
vann	O
sjónvarpsþátturinn	O
Fóstbræður	B-ORG
verðlaunin	O
.	O

TILVÍSUN	O
Heard	B-LOC
og	I-LOC
McDonaldseyjar	I-LOC

Á	O
hrakningum	O
sínum	O
átti	O
Ódysseifur	B-PER
leið	O
fram	O
hjá	O
ey	O
þeirri	O
,	O
er	O
þær	O
höfðust	O
við	O
á	O
.	O

tilvísun	O
Eyja	B-LOC
Játvarðs	I-LOC
prins	I-LOC

Sambandssvæði	O
þess	O
er	O
Austur-Skaftafellssýsla	B-LOC
.	O

Wolfgang	B-PER
Amadeus	I-PER
Mozart	I-PER

Frans	B-PER
2	I-PER
.	I-PER
,	O
1559-1560	O
.	O

tilvísun	O
Georg	B-PER
6.	I-PER
Bretlandskonungur	I-PER

'	O
''	O
Hörgársveit	B-LOC
''	O
'	O
.	O

Juventus	B-ORG
FC	I-ORG
(	O
27	O
titlar	O
)	O

Princeton	B-LOC
,	I-LOC
New	I-LOC
Jersey	I-LOC

María	B-PER
de	I-PER
Jesús	I-PER
de	I-PER
León	I-PER
y	I-PER
Delgado	I-PER

Kalvin	B-PER
og	I-PER
Hobbes	I-PER

Grótta	B-ORG
/	O
KR	B-ORG
17:24	O

'	O
''	O
Reykjavík	B-LOC
''	O
'	O

Basilíka	B-ORG
Krists	I-ORG
konungs	I-ORG

Slóvakía	B-LOC
(	O
57	O
)	O

Kíribatí	B-LOC
(	O
3	O
)	O

Leikstjóri	O
er	O
Ragnar	B-PER
Bragason	I-PER
.	O

Hann	O
var	O
aðeins	O
þriggja	O
ára	O
þegar	O
Knútur	B-PER
Eiríksson	I-PER
lét	O
drepa	O
föður	O
hans	O
og	O
settist	O
sjálfur	O
í	O
hásætið	O
.	O

TILVÍSUN	O
Hildegard	B-PER
von	I-PER
Bingen	I-PER

tilvísun	O
Hannes	B-PER
Þór	I-PER
Halldórsson	I-PER

Þaðan	O
fór	O
hann	O
til	O
Íslendingabyggða	O
í	O
Kanada	B-LOC
og	O
dvaldi	O
um	O
hríð	O
í	O
Danmörku	B-LOC
á	O
heimleiðinni	O
.	O

Þeir	O
eiga	O
að	O
vísa	O
til	O
súlna	O
Heraklesar	B-PER
.	O

Stuttu	O
síðar	O
fékk	O
Bónus	B-ORG
lögbann	O
á	O
nafnið	O
og	O
var	O
nafninu	O
þá	O
breytt	O
í	O
'	O
''	O
B.T	O
.	O

TILVÍSUN	O
Kaliforníuháskóli	B-ORG
í	I-ORG
San	I-ORG
Diego	I-ORG

)	O
·	O
Drangsnes	B-LOC
(	O
65	O
íb	O
.	O

CSI	B-ORG
:	I-ORG
Miami	I-ORG
''	O
(	O
2002–2012	O
)	O
sjónvarpssería	O
(	O
framleiðslustjóri	O
)	O

Hann	O
hóf	O
nám	O
í	O
Háskólanum	B-ORG
í	I-ORG
Glasgow	I-ORG
fjórtán	O
ára	O
gamall	O
þar	O
sem	O
hann	O
nam	O
undir	O
leiðsögn	O
Francis	B-PER
Hutcheson	I-PER
.	O

Einar	B-PER
Gilsson	I-PER
''	O
(	O
-1369	O
)	O
''	O

'	O
''	O
Kanada	B-LOC
''	O
'	O

Alþingi	B-ORG
formlega	O
lagt	O
niður	O
.	O

TILVÍSUN	O
Háskólinn	B-ORG
í	I-ORG
York	I-ORG

Stæsta	O
eyjan	O
er	O
Straumey	B-LOC
,	O
372	O
km²	O
.	O

Aðildarlönd	O
sem	O
bættust	O
við	O
voru	O
Eistland	B-LOC
,	O
Lettland	B-LOC
,	O
Litháen	B-LOC
,	O
Malta	B-LOC
,	O
Pólland	B-LOC
,	O
Slóvakía	B-LOC
,	O
Slóvenía	B-LOC
,	O
Tékkland	B-LOC
og	O
Ungverjaland	B-LOC
.	O

Einn	O
þekktasti	O
fyrrverandi	O
starfsmaður	O
fjármálafyrirtækisins	O
er	O
George	B-PER
Soros	I-PER
.	O

tilvísun	O
Justinianus	B-PER
1	I-PER
.	I-PER

TILVÍSUN	O
Carl	B-PER
Gustav	I-PER
Hempel	I-PER

Að	O
þeim	O
umræðum	O
kom	O
líka	O
Orkuveita	B-ORG
Reykjavíkur	I-ORG
.	O

tilvísun	O
Mórits	B-PER
af	I-PER
Nassá	I-PER

'	O
''	O
Búrma	B-ORG
''	O
'	O

tilvísun	O
Reject	B-ORG
All	I-ORG
American	I-ORG

Kommúnistaflokkur	B-ORG
Íslands	I-ORG
1930-1938	O
(	O
Sameiningarflokkur	B-ORG
alþýðu	I-ORG
-	I-ORG
Sósíalistaflokkurinn	I-ORG
)	O

tilvísun	O
Miguel	B-PER
Ángel	I-PER
Asturias	I-PER

tilvísun	O
Letizia	B-PER
,	I-PER
prinsessan	I-PER
af	I-PER
Asturias	I-PER

Hann	O
skrifaði	O
þær	O
á	O
Grænlandi	B-LOC
þegar	O
hann	O
dvaldist	O
þar	O
um	O
skeið	O
.	O

Auk	O
þess	O
er	O
Holland	B-LOC
fyrir	O
vestan	O
og	O
Belgía	B-LOC
fyrir	O
suðvestan	O
.	O

Borgin	O
er	O
í	O
sögulegu	O
sýslunni	O
Cambridgeshire	B-LOC
.	O

Nafni	O
landsins	O
var	O
þá	O
breytt	O
í	O
Simbabve	B-LOC
.	O

Roger	B-PER
Leloup	I-PER
,	O
hefur	O
teiknað	O
og	O
samið	O
bókaflokkinn	O
frá	O
upphafi	O
.	O

Lögmálið	B-ORG
um	I-ORG
annað	I-ORG
tveggja	I-ORG

TILVÍSUN	O
Konrad	B-PER
von	I-PER
Maurer	I-PER

Þar	O
kynntist	O
hann	O
Robert	B-PER
Boyle	I-PER
.	O

Fyrirtækið	O
er	O
skráð	O
í	O
Kauphöllinni	B-ORG
í	I-ORG
New	I-ORG
York	I-ORG
.	O

borgirnar	O
Pompeii	B-LOC
og	O
Herculaneum	B-LOC
í	O
rúst	O
.	O

'	O
''	O
Páfi	B-LOC
''	O
'	O

tilvísun	O
NCIS	B-ORG
(	I-ORG
2.	I-ORG
þáttaröð	I-ORG
)	I-ORG

Það	O
var	O
hins	O
vegar	O
Emil	B-PER
Kraepelin	I-PER
sem	O
fyrst	O
skilgreindi	O
geðklofa	O
.	O

Lambavatn	O
er	O
innan	O
friðsvæðis	O
Vatnajökulsþjóðgarðs	B-ORG
.	O

Höfundur	O
þáttanna	O
að	O
hluta	O
til	O
er	O
Seth	B-PER
MacFarlane	I-PER
,	O
höfundur	O
Family	B-ORG
Guy	I-ORG
þáttanna	O
.	O

Nafnið	O
er	O
dregið	O
af	O
heiti	O
Berba	B-ORG
,	O
íbúa	O
Norður-Afríku	B-LOC
.	O

tilvísun	O
Loðvík	B-PER
12	I-PER
.	I-PER

Eldey	B-LOC
undan	O
Reykjanesi	B-LOC
er	O
meðal	O
stærri	O
súluvarpa	O
í	O
heimi	O
,	O
en	O
þar	O
verpa	O
um	O
14.000	O
-	O
18.000	O
pör	O
árlega	O
.	O

tilvísun	O
Aðþrengdar	B-ORG
eiginkonur	I-ORG
(	I-ORG
2.	I-ORG
þáttaröð	I-ORG
)	I-ORG

Evrópukeppnin	B-ORG
í	I-ORG
knattspyrnu	I-ORG
1976	I-ORG

Gulrófan	O
er	O
upprunnin	O
í	O
Norður-Evrópu	B-LOC
og	O
barst	O
frá	O
Svíþjóð	B-LOC
til	O
Bretlands	B-LOC
og	O
Norður-Ameríku	B-LOC
þar	O
sem	O
hún	O
er	O
líka	O
þekkt	O
sem	O
„Svíi“	O
(	O
''Swede	O
''	O
)	O
eða	O
„sænsk	O
næpa“	O
(	O
''Swedish	O
turnip	O
''	O
)	O
.	O

'	O
''	O
(	O
)	O
'	O
''	O
er	O
þriðja	O
plata	O
Sigur	B-ORG
Rósar	I-ORG
.	O

Næsta	O
stórborgin	O
er	O
Basel	B-LOC
í	O
Sviss	B-LOC
um	O
35	O
km	O
til	O
suðurs	O
.	O

Carl	B-PER
Gustav	I-PER
Jacob	I-PER
Jacobi	I-PER

Styttan	O
er	O
varðveitt	O
á	O
Þjóðminjasafni	B-ORG
Íslands	I-ORG
.	O

Albert	B-PER
Einstein	I-PER
var	O
einn	O
þeirra	O
.	O

tilvísun	O
Braunau	B-LOC
am	I-LOC
Inn	I-LOC

'	O
''	O
Austurríki	B-LOC
'	O
''	O

Vinstrihreyfingin	B-ORG
–	I-ORG
grænt	I-ORG
framboð	I-ORG

tilvísun	O
Herbert	B-PER
Paul	I-PER
Grice	I-PER

Vinstrihreyfingin	B-ORG
–	I-ORG
grænt	I-ORG
framboð	I-ORG

'	O
''	O
Egyptaland	B-LOC
''	O
'	O

Við	O
götuna	O
er	O
fjöldi	O
fyrirtækja	O
og	O
íbúða	O
,	O
auk	O
gamals	O
fangelsis	B-ORG
.	O

Fylkið	O
er	O
í	O
landshlutanum	O
Þrændalög	B-LOC
.	O

Lubusz	B-LOC
(	I-LOC
hérað	I-LOC
)	I-LOC

TILVÍSUN	O
Norður-Karólínuháskóli	B-ORG
í	I-ORG
Chapel	I-ORG
Hill	I-ORG

Los	B-LOC
Angeles	I-LOC
,	O
Kalifornía	B-LOC
(	O
1	O
)	O

Ári	O
síðar	O
hélt	O
hann	O
í	O
námsreisu	O
til	O
Ítalíu	B-LOC
þar	O
sem	O
hann	O
hélt	O
sig	O
næstu	O
sex	O
árin	O
.	O

Bremen	B-LOC
rekin	O
úr	O
Hansasambandinu	B-LOC
.	O

'	O
''	O
Skagafjörður	B-LOC
77	O
''	O
'	O
-	O
51	O
Snæfellsbær	B-LOC

tilvísun	O
Johann	B-PER
Peter	I-PER
Gustav	I-PER
Lejeune	I-PER
Dirichlet	I-PER

*1998–2007	O
-	O
Kristján	B-PER
Þór	I-PER
Júlíusson	I-PER

Eyjan	O
Texel	B-LOC
,	O
stærst	O
Vesturfrísnesku	B-LOC
eyjanna	I-LOC
,	O
tilheyrir	O
fylkinu	O
.	O

Hann	O
var	O
í	O
móðurætt	O
skyldur	O
Einari	B-PER
Benediktssyni	I-PER
og	O
Sigurði	B-PER
Nordal	I-PER
.	O

Jón	B-PER
Sigurðsson	I-PER
(	I-PER
forseti	I-PER
)	I-PER

tilvísun	O
Gylfi	B-PER
Þór	I-PER
Sigurðsson	I-PER

Líbanon	B-LOC
(	O
10	O
)	O

Dolly	B-PER
(	O
1	O
)	O

'	O
''	O
Taíland	B-LOC
''	O
'	O

tilvísun	O
Súla	B-LOC
(	I-LOC
fugl	I-LOC
)	I-LOC

Nubo	O
hefur	O
ýmisleg	O
tengsl	O
við	O
Ísland	B-LOC
.	O

'	O
''	O
KR-völlur	B-ORG
''	O
'	O

Balfourianae|Subsection	O
''Balfourianae]]	O
''	O
'	O
-	O
Broddfurur	O
,	O
suðvestur	O
Bandaríkin	B-LOC

Mayotte	B-LOC
(	O
tilheyrir	O
Frakklandi	B-LOC
)	O

Höfuðstaðurinn	O
heitir	O
sömuleiðis	O
Glarus	B-LOC
.	O

tilvísun	O
Maðurinn	B-PER
með	I-PER
ljáinn	I-PER

TILVÍSUN	O
Birkbeck	B-ORG
,	I-ORG
University	I-ORG
of	I-ORG
London	I-ORG

Þættirnir	O
fjölluðu	O
um	O
auðuga	O
fjölskyldu	O
í	O
Texas	B-LOC
,	O
Ewing-fjölskylduna	O
,	O
sem	O
bjó	O
á	O
búgarðinum	O
Southfork	O
.	O

Þekktasta	O
bygging	O
borgarinnar	O
er	O
Brandenborgarhliðið	B-ORG
.	O

'	O
''	O
Dalai	B-PER
Lama	I-PER
''	O
'	O

Snorri	B-PER
Sturluson	I-PER
hraktist	O
út	O
til	O
Noregs	B-LOC
.	O

Þorlákur	B-PER
helgi	I-PER
Þórhallsson	I-PER

Leonardo	B-PER
da	I-PER
Vinci	I-PER
(	O
t.d	O
.	O

tilvísun	O
Friðrik	B-PER
5.	I-PER
Danakonungur	I-PER

TILVÍSUN	O
Francis	B-PER
Herbert	I-PER
Bradley	I-PER

CSI	B-ORG
:	I-ORG
Crime	I-ORG
Scene	I-ORG
Investigation	I-ORG

*Gáttaþegur	O
kynnir	O
-	O
Ómar	B-PER
Ragnarsson	I-PER

Liðinu	O
tókst	O
hinsvegar	O
að	O
tryggja	O
sér	O
beinan	O
þáttökurétt	O
á	O
lokakeppnina	O
með	O
því	O
að	O
lenda	O
í	O
öðru	O
sæti	O
í	O
riðlinum	O
á	O
eftir	O
Tékklandi	B-LOC
.	O

Rio	B-LOC
de	I-LOC
Janeiro	I-LOC

Raddsettur	O
af	O
J.	B-PER
K.	I-PER
Simmons	I-PER
.	O

Einnig	O
mætti	O
minnast	O
á	O
samband	O
Tróverja	O
og	O
Grikkja	B-LOC
í	O
Enesarkviðu	O
.	O

Nokkrir	O
talinverðir	O
flytjendur	O
hafa	O
líka	O
verið	O
frá	O
Glasgow	B-LOC
,	O
sem	O
var	O
nefnd	O
„Tónlistarborg“	O
af	O
UNESCO	B-ORG
.	O

Hún	O
hefur	O
flutt	O
í	O
íbúð	O
í	O
Hollywood	B-LOC
í	O
Kaliforníu	B-LOC
en	O
flutti	O
seinna	O
aftur	O
heim	O
til	O
foreldra	O
sinna	O
.	O

'	O
''	O
Víetnam	B-LOC
''	O
'	O

'	O
''	O
Portúgal	B-LOC
''	O
'	O

TILVÍSUN	O
London	B-ORG
School	I-ORG
of	I-ORG
Economics	I-ORG

'	O
''	O
Ólafur	B-PER
pái	I-PER
Höskuldsson	I-PER
''	O
'	O

Sat	O
í	O
miðstjórn	O
Sjálfstæðisflokksins	B-ORG
1973-1981	O
.	O

tilvísun	O
Harry	B-PER
S.	I-PER
Truman	I-PER

tilvísun	O
Áfengis-	B-ORG
og	I-ORG
tóbaksverslun	I-ORG
ríkisins	I-ORG

Þau	O
eru	O
Alpasvæðið	O
,	O
Miðjarðarhafssvæðið	B-LOC
,	O
Dínarska	O
svæðið	O
og	O
Pannoníska	O
svæðið	O
.	O

Fyrirlestur	O
sem	O
snetir	O
smá	O
á	O
jafnhallaferla	O
í	O
MIT	B-ORG

Höskuld	B-PER
Ólafsson	I-PER
(	O
Hössa	O
)	O
í	O
Quarashi	B-ORG
.	O

TF-FII	O
—	O
757-208	O
,	O
Eyjafjallajökull	B-LOC
''	O

Einnig	O
hefur	O
verið	O
sagt	O
að	O
á	O
þessum	O
degi	O
hafi	O
Artemismusterið	B-ORG
í	O
Efesos	B-LOC
,	O
eitt	O
af	O
Sjö	B-ORG
undrum	I-ORG
veraldar	I-ORG
,	O
brunnið	O
til	O
grunna	O
.	O

Fuglabjargið	O
[[Beinisvørð	O
á	O
Suðuroy	B-LOC
.	O

Benedikt	B-PER
Gröndal	I-PER
,	O
?	O
-1974	O

Jónas	B-PER
frá	I-PER
Hriflu	I-PER
var	O
einn	O
ötulasti	O
hvatamaður	O
að	O
stofnun	O
skólans	O
.	O

Ingiríður	B-PER
Alexandra	I-PER
Noregsprinsessa	I-PER

Sú	O
aðferð	O
er	O
ættuð	O
frá	O
Færeyjum	B-LOC
.	O

tilvísun	O
Vilhjálmur	B-PER
3.	I-PER
Englandskonungur	I-PER

tilvísun	O
Frank	B-PER
Plumpton	I-PER
Ramsey	I-PER

Vinstrihreyfingin	B-ORG
–	I-ORG
grænt	I-ORG
framboð	I-ORG

Seðlabanka	B-ORG
Íslands	I-ORG
og	O
Alþjóðagjaldeyrissjóðinn	B-ORG
(	O
IMF	O
)	O
.	O

tilvísun	O
Kaliforníuháskóli	B-ORG
í	I-ORG
Santa	I-ORG
Barbara	I-ORG

María	B-PER
Teresa	I-PER
af	I-PER
Austurríki	I-PER

Tímúr	B-PER
(	O
1336-1405	O
)	O

Einar	B-PER
Pálsson	I-PER
er	O
upphafsmaður	O
kenningarinnar	O
.	O

Dalvíkurbyggð	B-LOC
74	O
-	O
'	O
''	O
80	O
Fljótsdalshérað	B-LOC
''	O
'	O

Utar	O
liggja	O
Vesturfrísnesku	B-LOC
eyjarnar	I-LOC
.	O

Virginía	B-LOC
(	I-LOC
fylki	I-LOC
)	I-LOC

Flestar	O
lýsingar	O
frá	O
hofinu	O
koma	O
frá	O
Pliníusi	B-PER
eldri	I-PER
.	O

Hann	O
er	O
þekktastur	O
fyrir	O
bækurnar	O
um	O
Bob	B-PER
Moran	I-PER
.	O

tilvísun	O
August	B-PER
Immanuel	I-PER
Bekker	I-PER

Bókin	O
hafði	O
mikil	O
áhrif	O
og	O
er	O
talin	O
vera	O
undanfari	O
þeirra	O
verka	O
sem	O
einkenndu	O
Upplýsinguna	B-ORG
.	O

Um	O
Starkaðsver	O
lá	O
Sprengisandsleið	B-ORG
hin	I-ORG
forna	I-ORG
.	O

tilvísun	O
Listi	B-ORG
yfir	I-ORG
Numb3rs-þætti	I-ORG
(	I-ORG
1.	I-ORG
þáttaröð	I-ORG
)	I-ORG

Entre	B-LOC
Lagos	I-LOC
er	O
stærsta	O
borgin	O
nálægt	O
vatninu	O
.	O

Trefillinn	O
á	O
rætur	O
sínar	O
að	O
rekja	O
til	O
Rómaveldis	B-LOC
en	O
þá	O
voru	O
þeir	O
notaðir	O
til	O
af	O
hreinlætisástæðum	O
frekar	O
en	O
til	O
hlýju	O
.	O

Kólumbía	B-LOC
(	O
105	O
)	O

*xD	O
getur	O
táknað	O
að	O
kjósa	O
Sjálfstæðisflokkinn	B-ORG
(	O
þ.e	O
.	O

Hann	O
útskrifaðist	O
frá	O
Institut	B-ORG
d'études	I-ORG
politiques	I-ORG
de	I-ORG
Paris	I-ORG
''	O
.	O

Fram	O
-	O
ÍR	B-ORG
20:19	O

Stjórnspekin	B-ORG
blómstraði	O
einnig	O
á	O
þessum	O
tíma	O
.	O

tilvísun	O
KFUM	B-ORG
og	I-ORG
KFUK	I-ORG

Búrúndí	B-LOC
(	O
5	O
)	O

Auður	B-PER
Auðuns	I-PER
og	O
Geir	B-PER
Hallgrímsson	I-PER

Lagfæringar	O
á	O
Sverris	B-PER
sögu	I-PER
.	O

Um	O
svipað	O
leyti	O
var	O
félagi	O
hans	O
Maurice	B-PER
Rosy	I-PER
gerður	O
að	O
listrænum	O
stjórnanda	O
útgáfunnar	O
.	O

—	O
Ole	B-PER
Worm	I-PER
gaf	O
út	O
.	O

Þegar	O
austurrískur	B-LOC
her	O
náði	O
að	O
hrekja	O
þá	O
þaðan	O
sama	O
ár	O
,	O
urðu	O
nokkrar	O
skemmdir	O
á	O
kastalanum	O
,	O
þar	O
á	O
meðal	O
brann	O
óperusalurinn	O
.	O

Fjölskyldan	O
býr	O
í	O
Uppsölum	B-LOC
og	O
tekur	O
köttinn	O
að	O
sér	O
.	O

tilvísun	O
West	B-ORG
Ham	I-ORG
United	I-ORG
F.C	I-ORG
.	I-ORG

'	O
''	O
Los	B-ORG
Angeles	I-ORG
Lakers	I-ORG
''	O
'	O

En	O
í	O
''Lögsögumannatali	O
og	O
lögmanna	O
''	O
setur	O
Jón	B-PER
Sigurðsson	I-PER
hann	O
sem	O
lögmann	O
sunnan	O
og	O
austan	O
1436-1440	O
.	O

Gabriel	B-PER
García	I-PER
Márquez	I-PER

Sjónvarpsturninn	B-ORG
í	I-ORG
Stuttgart	I-ORG
er	O
elsti	O
sjónvarpsturn	O
heims	O
.	O

TILVÍSUN	O
Kaliforníuháskóli	B-ORG
í	I-ORG
Davis	I-ORG

'	O
''	O
Dallas	B-ORG
Cowboys	I-ORG
''	O
'	O

'	O
''	O
Mingveldið	B-LOC
''	O
'	O

Þýskur	B-ORG
fjárhundur	I-ORG
(	O
eða	O
schäfer	O
,	O
séfer	O
)	O

tilvísun	O
Kristján	B-PER
1	I-PER
.	I-PER

Ulysses	B-PER
Grant	I-PER
,	O
1869–1877	O

Burrhus	B-PER
Frederic	I-PER
Skinner	I-PER

tilvísun	O
Richard	B-PER
L.	I-PER
Hunter	I-PER

Hraunjaðarinn	O
er	O
nú	O
marbakki	O
undan	O
Stokkseyri	B-LOC
og	O
Eyrarbakka	B-LOC
.	O

tilvísun	O
Peter	B-PER
Frederick	I-PER
Strawson	I-PER

Heimspekingarnir	O
Henri	B-PER
Bergson	I-PER
og	O
G.E.	B-PER
Moore	I-PER
voru	O
um	O
margt	O
sama	O
sinnis	O
og	O
gagnhyggjumennirnir	O
enda	O
þótt	O
þeir	O
séu	O
venjulega	O
ekki	O
sjálfir	O
taldir	O
til	O
gagnhyggjumanna	O
.	O

Þar	O
vann	O
hann	O
tvo	O
Íslandsmeistaratitla	O
og	O
fór	O
í	O
kjölfarið	O
til	O
Danmerkur	B-LOC
í	O
nám	O
.	O

járnbrautum	O
tengingar	O
til	O
Goleniów	B-LOC
og	O
Szczecin	B-LOC
(	O
Pólland	B-LOC
)	O

tilvísun	O
Moses	B-PER
I.	I-PER
Finley	I-PER

Danir	B-LOC
héldu	O
þessu	O
heiti	O
en	O
rituðu	O
það	O
''Femern	O
''	O
.	O

tilvísun	O
María	B-PER
1.	I-PER
Englandsdrottning	I-PER

Kvennalistinn	B-ORG
fékk	O
ekki	O
nema	O
þrjár	O
þingkonur	O
-	O
missti	O
tvær	O
frá	O
fyrra	O
kjörtímabili	O
.	O

Keppnin	O
var	O
líka	O
sýnd	O
í	O
Ungverjalandi	B-LOC
,	O
Rúmeníu	B-LOC
,	O
Póllandi	B-LOC
,	O
Sovétríkjunum	B-LOC
,	O
Tékkóslóvakíu	B-LOC
og	O
Austur-Þýskalandi	B-LOC

Með	O
í	O
flugvélinni	O
voru	O
þeir	O
Ritchie	B-PER
Valens	I-PER
og	O
The	B-PER
Big	I-PER
Bopper	I-PER
.	O

Hann	O
er	O
fæddur	O
á	O
Eskifirði	B-LOC
.	O

Veirunnar	O
hefur	O
orðið	O
vart	O
meðal	O
þrettán	O
landa	O
í	O
Asíu	B-LOC
og	O
Evrópu	B-LOC
.	O

Massimo	B-PER
D'Alema	I-PER
(	O
annað	O
skipti	O
)	O

tilvísun	O
Aðildarviðræður	B-ORG
Íslands	I-ORG
við	I-ORG
Evrópusambandið	I-ORG

Áður	O
höfðu	O
lið	O
á	O
Spáni	B-LOC
og	O
í	O
Bandaríkjunum	B-LOC
sýnt	O
honum	O
áhuga	O
.	O

Bayern	B-ORG
München	I-ORG
er	O
eina	O
liðið	O
sem	O
sigrað	O
hefur	O
keppnina	O
þrisvar	O
í	O
röð	O
eftir	O
það	O
.	O

Sjónvarpsþættina	O
Fóstbræður	B-ORG
''	O
sem	O
sýndir	O
voru	O
á	O
Stöð	B-PER
2	I-PER
1997-2001	O

tilvísun	O
Jóhannes	B-PER
Páll	I-PER
2	I-PER
.	I-PER

CSI	B-ORG
:	I-ORG
Crime	I-ORG
Scene	I-ORG
Investigation	I-ORG

Þróttarar	B-ORG
neituðu	O
að	O
taka	O
þátt	O
,	O
en	O
hin	O
liðin	O
sjö	O
léku	O
einfalda	O
umferð	O
í	O
móti	O
sem	O
tók	O
rétt	O
rúma	O
viku	O
.	O

Silvio	B-PER
Berlusconi	I-PER
(	O
fjórða	O
skipti	O
)	O

tilvísun	O
Sigmundur	B-PER
3	I-PER
.	I-PER

tilvísun	O
Havering	B-ORG
(	I-ORG
borgarhluti	I-ORG
)	I-ORG

Konungurinn	O
,	O
Loðvík	B-PER
16	I-PER
.	I-PER
,	O
vildi	O
auka	O
tekjur	O
sínar	O
með	O
því	O
að	O
leggja	O
álögur	O
á	O
ýmsa	O
þá	O
sem	O
höfðu	O
notið	O
skattfríðinda	O
,	O
svo	O
sem	O
jarðeigendur	O
.	O

Angela	B-ORG
(	O
57	O
)	O

Styttan	O
er	O
eftir	O
Gustav	B-PER
Vigeland	I-PER
og	O
var	O
gjöf	O
frá	O
Norðmönnum	B-LOC
.	O

Bruce	B-PER
Campbell	I-PER
sem	O
Sam	O
Axe	O

Vestan	O
við	O
það	O
er	O
Hákonshaf	B-LOC
og	O
austan	O
við	O
það	O
er	O
Riiser-Larsen-haf	B-LOC
.	O

Alþýðuflokkurinn	B-ORG
1916-1999	O
(	O
Samfylkingin	B-ORG
)	O

tilvísun	O
Camillo	B-PER
Benso	I-PER
greifi	I-PER
af	I-PER
Cavour	I-PER

Bókin	O
hlaut	O
góðar	O
viðtökur	O
víða	O
um	O
heim	O
,	O
ekki	O
síst	O
á	O
Bretlandi	B-LOC
og	O
Bandaríkjunum	B-LOC
.	O

Evrópudómstóllinn	B-ORG
(	O
28	O
dómarar	O
)	O

Vigdís	B-PER
Grímsdóttir	I-PER
,	O
''Grandavegur	O
7	O
''	O

Hann	O
var	O
lengi	O
ritstjóri	O
''Alþýðublaðsins	O
''	O
og	O
í	O
forystu	O
hinna	O
róttækari	O
manna	O
Alþýðuflokksins	B-ORG
.	O

Afganistan	B-LOC
(	O
6	O
)	O

Neil	B-PER
Patrick	I-PER
Harris	I-PER
sem	O
Barney	B-PER
Stinson	I-PER

TILVÍSUN	O
Þriggja	B-ORG
landa	I-ORG
brúin	I-ORG

Urbana	B-LOC
(	I-LOC
Ohio	I-LOC
)	I-LOC

Óhætt	O
er	O
að	O
fullyrða	O
að	O
það	O
ár	O
hafi	O
Kænugarðsliðið	O
verið	O
með	O
eitt	O
besta	O
lið	O
Evrópu	B-LOC
,	O
þeir	O
unnu	O
m.a	O
.	O

Umslag	O
plötunnar	O
sýnir	O
mynd	O
af	O
Hindenburg	B-ORG
loftskipinu	O
nokkrum	O
sekúndum	O
eftir	O
að	O
kviknað	O
hafði	O
verið	O
í	O
því	O
.	O

St.	B-LOC
Louis	I-LOC
í	O
Missouri	B-LOC

Skakki	B-ORG
turninn	I-ORG
í	I-ORG
Písa	I-ORG

Flestir	O
íbúanna	O
búa	O
nálægt	O
ströndinni	O
í	O
suðri	O
þar	O
sem	O
stærstu	O
borgirnar	O
,	O
Porto	B-LOC
Novo	I-LOC
og	O
Cotonou	B-LOC
eru	O
.	O

Að	O
henni	O
stóðu	O
Framsóknarflokkurinn	B-ORG
,	O
Alþýðuflokkurinn	B-ORG
og	O
Alþýðubandalagið	B-ORG
.	O

(	O
Dæmi	O
eru	O
um	O
að	O
''gerskur	O
''	O
eða	O
''girskur	O
''	O
sé	O
notað	O
um	O
þá	O
sem	O
koma	O
frá	O
Miklagarði	B-LOC
)	O
.	O

Hann	O
byrjaði	O
á	O
því	O
að	O
gera	O
árás	O
á	O
Boston	B-LOC
.	O

'	O
''	O
New	B-ORG
York	I-ORG
Yankees	I-ORG
''	O
'	O

Kría	B-LOC
(	O
3	O
)	O

tilvísun	O
Ríkharður	B-PER
2.	I-PER
af	I-PER
Normandí	I-PER

Paragvæ	B-LOC
(	O
5	O
)	O

tilvísun	O
Titus	B-PER
Macchius	I-PER
Plautus	I-PER

Hinrik	B-PER
4.	I-PER
Frakkakonungur	I-PER

tilvísun	O
Íslenska	B-ORG
kvennalandsliðið	I-ORG
í	I-ORG
knattspyrnu	I-ORG

Hún	O
tók	O
við	O
af	O
Gerhard	B-PER
Schröder	I-PER
.	O

tilvísun	O
J.	B-PER
R.	I-PER
R.	I-PER
Tolkien	I-PER

Neil	B-PER
Patrick	I-PER
Harris	I-PER
sem	O
Barney	B-PER
Stinson	I-PER

'	O
''	O
Japan	B-LOC
''	O
'	O

tilvísun	O
Gottfried	B-PER
Wilhelm	I-PER
von	I-PER
Leibniz	I-PER

Frans	B-PER
Eemil	I-PER
Sillanpää	I-PER

Óðinshani	B-LOC
(	O
''Phalaropus	O
lobatus	O
''	O
)	O

'	O
''	O
Þýskaland	B-LOC
''	O
'	O

'	O
''	O
Ahomríkið	B-LOC
''	O
'	O

'	O
''	O
Reykjavík	B-LOC
''	O
'	O
-	O
Snæfellsbær	B-LOC

Finnur	B-PER
Jónsson	I-PER
(	O
útg	O
.	O

Jóhann	B-PER
„risi“	I-PER
Pétursson	I-PER
var	O
mjög	O
stór	O
maður	O
.	O

Fimm	O
lið	O
tóku	O
þátt	O
;	O
KR	B-ORG
,	O
Fram	B-ORG
,	O
Víkingur	B-ORG
,	O
Valur	B-ORG
og	O
ÍBV	B-ORG
.	O

'	O
''	O
KR-völlur	B-ORG
''	O
'	O

—	O
Þýðing	O
á	O
''Heimskringlu	O
''	O
Snorra	B-PER
Sturlusonar	I-PER
.	O

'	O
''	O
Winston	B-PER
Churchill	I-PER
''	O
'	O
(	O
1874–1965	O
)	O

'	O
''	O
Páfi	B-LOC
''	O
'	O

Dvergkráka	B-LOC
''Corvus	O
monedula	O
''	O
Sjaldséð	O

'	O
''	O
Spánn	B-LOC
''	O
'	O

System	B-ORG
of	I-ORG
a	I-ORG
Down	I-ORG

Hann	O
var	O
afi	O
stjórnmálamannsins	O
Katrínar	B-PER
Jakobsdóttur	I-PER
.	O

Heimsminjaskrá	B-ORG
UNESCO	I-ORG
rannsakaði	O
málið	O
sömuleiðis	O
,	O
enda	O
brúin	O
á	O
heimsminjaskránni	O
.	O

Hvíta	B-ORG
húsið	I-ORG
(	I-ORG
Washington	I-ORG
,	I-ORG
D.C	I-ORG
.	I-ORG
)	I-ORG

Pálmi	B-PER
Gunnarsson	I-PER
,	O
bassleikari	O
og	O
aðalsöngvari	O
.	O

**Taplið	O
Menntaskólinn	B-ORG
við	I-ORG
Sund	I-ORG
(	O
með	O
)	O
2601	O
stig	O

Two	B-ORG
and	I-ORG
a	I-ORG
Half	I-ORG
Men	I-ORG

af	O
teiknaranum	O
André	B-PER
Franquin	I-PER
höfundi	O
bóka	O
um	O
Viggó	B-PER
viðutan	I-PER
og	O
Sval	B-ORG
og	I-ORG
Val	I-ORG
.	O

Dwight	B-PER
D.	I-PER
Eisenhower	I-PER

Lá	O
hann	O
norðan	O
megin	O
Reyðarfjarðar	B-LOC
,	O
utan	O
Eskifjarðar	B-LOC
,	O
kenndur	O
við	O
bæinn	O
Helgustaði	O
.	O

Hrunið	O
hófst	O
í	O
Haarlem	B-LOC
þar	O
sem	O
kaupendur	O
neituðu	O
að	O
mæta	O
á	O
hefðbundið	O
laukauppboð	O
.	O

Þekktustu	O
sjónvarpsseríur	O
hans	O
eru	O
CSI	B-ORG
:	I-ORG
Crime	I-ORG
Scene	I-ORG
Investigation	I-ORG
''	O
,	O
CSI	B-ORG
:	I-ORG
Miami	I-ORG
''	O
og	O
CSI	B-ORG
:	I-ORG
NY	I-ORG
''	O
.	O

Bosnía	B-LOC
og	I-LOC
Hersegóvína	I-LOC
100	O
%	O

Sagan	O
hermir	O
að	O
Scipio	B-PER
Africanus	I-PER
hafi	O
ætíð	O
haft	O
með	O
sér	O
eintak	O
af	O
bókinni	O
.	O

Hann	O
gerði	O
sér	O
lítið	O
fyrir	O
og	O
lét	O
taka	O
fjóreykið	O
niður	O
af	O
hliðinu	O
og	O
senda	O
til	O
Parísar	B-LOC
.	O

Fredric	B-PER
Lehne	I-PER
sem	O
Azazel	O
(	O
1-2	O
,	O
4	O
og	O
6	O
þáttaröð	O
)	O

Bygging	O
dómkirkjunnar	B-ORG
í	I-ORG
Flórens	I-ORG
(	O
1296-1436	O
)	O

Flestir	O
smástaðir	O
sem	O
selja	O
réttin	O
í	O
Norður-Írlandi	B-LOC
nota	O
kúafeiti	O
.	O

Fram	O
-	O
Breiðablik	B-ORG
28:23	O

Hann	O
naut	O
þó	O
stuðnings	O
Hinriks	B-PER
1	I-PER
.	I-PER
Frakkakonungs	O
og	O
náði	O
snemma	O
góðum	O
árangri	O
í	O
baráttu	O
við	O
fjandmenn	O
sína	O
og	O
uppreisnarmenn	O
.	O

Gransöngvari	B-LOC
''Phylloscopus	O
collybita	O
''	O
Sjaldséð	O

'	O
''	O
Svíþjóð	B-LOC
''	O
'	O

Þar	O
lá	O
þjóðvegurinn	O
til	O
Basel	B-LOC
.	O

Í	O
dag	O
er	O
hrásalat	O
borðað	O
sem	O
meðlæti	O
á	O
Íslandi	B-LOC
og	O
líka	O
í	O
Bandaríkjunum	B-LOC
,	O
Bretlandi	B-LOC
og	O
í	O
öðrum	O
löndum	O
.	O

1684-1719	O
Ulrik	B-PER
Christian	I-PER
Gyldenløve	I-PER

Hjónabandið	O
var	O
ekki	O
gott	O
og	O
það	O
liðu	O
mörg	O
ár	O
þar	O
til	O
erfingi	O
fæddist	O
en	O
þó	O
eignuðust	O
þau	O
á	O
endanum	O
þrjár	O
dætur	O
og	O
einn	O
son	O
,	O
Alexander	B-PER
2	I-PER
.	I-PER
,	O
og	O
tók	O
hann	O
við	O
ríkjum	O
af	O
föður	O
sínum	O
.	O

tilvísun	O
Stofnun	B-ORG
Árna	I-ORG
Magnússonar	I-ORG
í	I-ORG
íslenskum	I-ORG
fræðum	I-ORG

Hún	O
var	O
samansett	O
af	O
fimm	O
meðlimum	O
,	O
öllum	O
frá	O
Suður-Karólínu	B-LOC
,	O
sem	O
voru	O
allir	O
ungir	O
að	O
aldri	O
,	O
allir	O
um	O
tvítugt	O
.	O

CSI	B-ORG
:	I-ORG
Crime	I-ORG
Scene	I-ORG
Investigation	I-ORG

Hann	O
var	O
nemandi	O
Ísókratesar	B-PER
í	O
Aþenu	B-LOC
en	O
kenndi	O
síðar	O
Demosþenesi	B-PER
auk	O
þess	O
að	O
vinna	O
fyrir	O
sér	O
sem	O
ræðuhöfundur	O
fyrir	O
aðra	O
.	O

Stjarnan	B-ORG
–	O
Fram	O
20:22	O

ÍR	B-ORG
-	O
Fram	O
19:32	O

Samkvæmt	O
því	O
væri	O
vatnið	O
annað	O
hvort	O
áin	O
Styx	B-LOC
eða	O
Akkeron	B-LOC
og	O
áfangastaðurinn	O
því	O
dvalarstaður	O
hinna	O
látnu	O
.	O

==	O
Fjórða	B-ORG
þáttaröð	I-ORG
(	I-ORG
2010-2011	I-ORG
)	I-ORG
==	O

tilvísun	O
Frederik	B-PER
Christopher	I-PER
Trampe	I-PER

===	O
Svæði	O
4	O
-	O
Evrópa	B-LOC
===	O

Með	O
friðarsamningum	O
í	O
Konstanz	B-LOC
fengu	O
borgirnar	O
í	O
Langbarðalandi	B-LOC
rétt	O
til	O
að	O
kjósa	O
sér	O
eigin	O
stjórn	O
.	O

Hann	O
stundaði	O
nám	O
við	O
Kaupmannahafnarháskóla	B-ORG
1909-1910	O
en	O
vanheilsa	O
hamlaði	O
á	O
ný	O
lengra	O
námi	O
.	O

Wembley	B-LOC
,	O
London	B-LOC
,	O
England	B-LOC

'	O
''	O
Illugi	B-PER
Gunnarsson	I-PER
(	O
3	O
)	O
''	O
'	O

Fyrsta	O
ökuskírtenið	O
var	O
útgefið	O
til	O
frumkvöðuls	O
nútímabílsins	O
,	O
Karl	B-PER
Benz	I-PER
.	O

tilvísun	O
Guillaume	B-PER
François	I-PER
Antoine	I-PER
l'Hôpital	I-PER

Þar	O
er	O
einnig	O
Alþjóðadómstóllinn	B-ORG
með	O
aðsetur	O
.	O

Hann	O
fæddist	O
í	O
Reykjavík	B-LOC
,	O
hlaut	O
cand	O
.	O

Jensen	B-PER
Ackles	I-PER
sem	O
Dean	O
Winchester	O

Criminal	B-ORG
Minds	I-ORG
:	I-ORG
Suspect	I-ORG
Behavior	I-ORG

Það	O
er	O
oft	O
talið	O
að	O
það	O
hafi	O
verið	O
Grænland	B-LOC
.	O

Nafngift	O
málafjölskyldunnar	O
er	O
dregin	O
af	O
því	O
svæði	O
þar	O
sem	O
uppruni	O
þess	O
er	O
talinn	O
liggja	O
sem	O
er	O
nálægt	O
Úralfjöllum	B-LOC
.	O

talienwhanensis	O
''	O
)	O
–	O
Kyrrahafsostra	B-LOC

Byåsen	O
,	O
Noregi	B-LOC
-	O
Fram	O
30:14	O

Angvilla	B-LOC
(	O
Bretland	B-LOC
)	O

Hann	O
var	O
um	O
stutt	O
skeið	O
fangi	O
Þjóðverja	B-LOC
,	O
en	O
var	O
sleppt	O
við	O
fangaskipti	O
.	O

Þeir	O
voru	O
eitt	O
fjögurra	O
liða	O
sem	O
dregin	O
voru	O
til	O
að	O
hefja	O
leik	O
í	O
hálfgerðri	O
forkeppni	O
fyrir	O
fyrstu	O
umferðina	O
og	O
mættu	O
''Hibernians	O
''	O
frá	O
Möltu	B-LOC
.	O

Slíka	O
ævisöguritun	O
er	O
meðal	O
annars	O
að	O
finna	O
hjá	O
Plútarkosi	B-PER

'	O
''	O
Sviss	B-LOC
'	O
''	O

tilvísun	O
Frankfurt	B-LOC
am	I-LOC
Main	I-LOC

Ættin	O
er	O
kennd	O
við	O
bæinn	O
Selárdal	B-LOC
í	O
Arnarfirði	B-LOC
.	O

'	O
''	O
Víetnam	B-LOC
''	O
'	O

Með	O
honum	O
á	O
hún	O
soninn	O
Bart	B-PER
og	O
dæturnar	O
Lisu	B-PER
og	O
Maggie	B-PER
.	O

Til	O
greina	O
kom	O
að	O
leggja	O
félagið	O
niður	O
eða	O
sameina	O
það	O
Víkingi	B-ORG
.	O

tilvísun	O
Young	B-ORG
King	I-ORG
OURs	I-ORG

'	O
''	O
Obscured	B-ORG
by	I-ORG
Clouds	I-ORG
''	O
'	O
''	O

í	O
talsverðum	O
samskiptum	O
við	O
Voltaire	B-PER
.	O

Þá	O
ákvað	O
Alþjóðaólympíunefndin	B-ORG
að	O
láta	O
Sviss	B-LOC
fá	O
leikana	O
en	O
vegna	O
deilna	O
við	O
skipuleggjendur	O
þar	O
tók	O
nefndin	O
leikana	O
aftur	O
og	O
lét	O
Þýskalandi	B-LOC
þá	O
í	O
té	O
.	O

Hallgrímur	B-PER
Pétursson	I-PER
samdi	O
nokkrar	O
tóbaksvísur	O
.	O

Að	O
lokum	O
varð	O
hann	O
ófær	O
um	O
að	O
halda	O
áfram	O
og	O
lést	O
skömmu	O
síðar	O
,	O
við	O
höfnina	O
í	O
Misenum	O
,	O
nálægt	O
Napólí	B-LOC
.	O

Kambönd	B-LOC
''Lophodytes	O
cucullatus	O
''	O
Sjaldséð	O

''Vulpes	O
lagopus	O
spitzbergensis	O
''	O
(	O
Svalbarði	B-LOC
)	O

Simpson-fjölskyldan	B-ORG
,	I-ORG
þáttaröð	I-ORG
6	I-ORG
(	O
1994-1995	O
)	O

Mandarínönd	B-LOC
''Aix	O
galericulata	O
''	O
Sjaldséð	O

tilvísun	O
Hans	B-PER
Adolf	I-PER
Krebs	I-PER

'	O
''	O
Amsterdam	B-LOC
''	O
'	O

Ítalinn	B-LOC
Dorando	O
Pietri	O
kom	O
fyrstur	O
inn	O
á	O
leikvanginn	O
,	O
aðframkominn	O
af	O
þreytu	O
og	O
vatnsskorti	O
.	O

Litirnir	O
eru	O
teknir	O
úr	O
merkjum	O
biskupsins	O
í	O
Utrecht	B-LOC
.	O

Rín	B-LOC
(	I-LOC
fljót	I-LOC
)	I-LOC

Dictionary	B-ORG
of	I-ORG
the	I-ORG
Older	I-ORG
Scottish	I-ORG
Tongue	I-ORG

á	O
Michel	B-PER
de	I-PER
Montaigne	I-PER
og	O
David	B-PER
Hume	I-PER
meðal	O
annarra	O
.	O

Það	O
tengist	O
Indlandshafi	B-LOC
í	O
suðri	O
og	O
vestri	O
,	O
Flóreshafi	B-LOC
í	O
norðri	O
og	O
Bandahafi	B-LOC
í	O
norðaustri	O
.	O

Þrátt	O
fyrir	O
erfiðleika	O
með	O
tímalínuna	O
er	O
hún	O
notuð	O
meðal	O
annars	O
af	O
aðdáendum	O
og	O
Warner	B-ORG
Bros	I-ORG
.	I-ORG
.	O

Myndinni	O
var	O
aðeins	O
dreift	O
á	O
mynddiski	B-ORG
.	O

CSI	B-ORG
:	I-ORG
Miami	I-ORG
-	O
framleiðslustjóri	O
152	O
þátta	O

Samningur	B-ORG
Sameinuðu	I-ORG
þjóðanna	I-ORG
um	I-ORG
aðgerðir	I-ORG
gegn	I-ORG
eyðimerkurmyndun	I-ORG

Jensen	B-PER
Ackles	I-PER
sem	O
Dean	O
Winchester	O

Marg	B-PER
Helgenberger	I-PER
sem	O
Catherine	O
Willows	O

Hún	O
á	O
rætur	O
sínar	O
að	O
rekja	O
til	O
borgarinnar	O
Marseille	B-LOC
í	O
Frakklandi	B-LOC
og	O
afbrigðin	O
eru	O
mörg	O
þótt	O
grunnurinn	O
sé	O
yfirleitt	O
sá	O
sami	O
.	O

til	O
Japans	B-LOC
og	O
Þýskalands	B-LOC
.	O

—	O
Finnur	B-PER
Jónsson	I-PER
lauk	O
verkinu	O
,	O
sem	O
er	O
að	O
hluta	O
útdrættir	O
úr	O
bréfunum	O
.	O

Halldór	B-PER
Laxness	I-PER
nefnir	O
hana	O
t.d	O
.	O

TILVÍSUN	O
Hera	B-PER
Björk	I-PER
Þórhallsdóttir	I-PER

''	O
Kom	O
hann	O
einnig	O
fram	O
sem	O
gestaleikari	O
í	O
þætti	O
af	O
Two	B-ORG
and	I-ORG
a	I-ORG
Half	I-ORG
Men	I-ORG
''	O
þar	O
sem	O
hann	O
lék	O
föður	O
nágranna	O
Charlies	O
.	O

Angvilla	B-LOC
,	O
Antígva	B-LOC
og	I-LOC
Barbúda	I-LOC
,	O
Bahamaeyjar	B-LOC
,	O
Bandaríkin	B-LOC
,	O
Bandarísku	B-LOC
Jómfrúaeyjar	I-LOC
,	O
Barbados	B-LOC
,	O
Belís	B-LOC
,	O
Bermúda	B-LOC
,	O
Bresku	B-LOC
Jómfrúaeyjar	I-LOC
,	O
Caymaneyjar	B-LOC
,	O
Dóminíka	B-LOC
,	O
Falklandseyjar	B-LOC
,	O
Grenada	B-LOC
,	O
Gvæjana	B-LOC
,	O
Hollensku	B-LOC
Antillaeyjar	I-LOC
,	O
Jamaíka	B-LOC
,	O
Kanada	B-LOC
,	O
Montserrat	B-LOC
,	O
Sankti	B-LOC
Kristófer	I-LOC
og	I-LOC
Nevis	I-LOC
,	O
Sankti	B-LOC
Lúsía	I-LOC
,	O
Sankti	B-LOC
Vinsent	I-LOC
og	I-LOC
Grenadíneyjar	I-LOC
,	O
Trínidad	B-ORG
og	I-ORG
Tóbagó	I-ORG
,	O
Turks-	B-LOC
og	I-LOC
Caicoseyjar	I-LOC

Karl	B-PER
8	I-PER
.	I-PER
,	O
1483-1498	O
.	O

Hann	O
var	O
á	O
Bessastöðum	B-ORG
næstu	O
árin	O
með	O
fjölskyldu	O
sinni	O
og	O
sinnti	O
embætti	O
sínu	O
við	O
misjafnan	O
orðstír	O
.	O

'	O
''	O
Kanada	B-LOC
''	O
'	O

Löndin	O
sem	O
gáfu	O
stig	O
voru	O
Lúxemborg	B-LOC
(	O
6	O
)	O
,	O
Grikkland	B-LOC
(	O
4	O
)	O
,	O
Finnland	B-LOC
(	O
1	O
)	O
,	O
Ítalía	B-LOC
(	O
1	O
)	O
og	O
Frakkland	B-LOC
(	O
12	O
)	O
.	O

London	B-ORG
School	I-ORG
of	I-ORG
Economics	I-ORG

Platan	O
seldist	O
það	O
illa	O
að	O
Sony	B-ORG
rifti	O
plötusamning	O
hans	O
.	O

Tilvísun	O
Vinstrihreyfingin	B-ORG
–	I-ORG
grænt	I-ORG
framboð	I-ORG

Fljótið	O
Efrat	B-LOC
rennur	O
gegnum	O
austurhluta	O
landsins	O
.	O

Margháttaður	O
skaði	O
varð	O
bæði	O
á	O
mönnum	O
og	O
munum	O
og	O
má	O
í	O
því	O
sambandi	O
nefna	O
drukknun	O
17	O
manna	O
á	O
fjórum	O
bátum	O
á	O
Arnarfirði	B-LOC
þennan	O
örlagaríka	O
dag	O
.	O

Á	O
Íslandi	B-LOC
voru	O
sumar	O
plöntutegundir	O
tíndar	O
til	O
tegerðar	O
eins	O
og	O
t.d	O
.	O

Hann	O
var	O
formaður	O
Alþýðuflokksins	B-ORG
1938-1952	O
.	O

Það	O
er	O
einnig	O
ný-heiðni	O
Iglesia	B-ORG
del	I-ORG
Pueblo	I-ORG
Guanche	I-ORG
''	O
.	O

HK	B-ORG
–	O
Fram	O
23:28	O

Það	O
er	O
nú	O
hluti	O
af	O
Þjóðgarði	B-ORG
Grænlands	I-ORG
.	O

16	O
''	O
eftir	O
Jackson	B-PER
Pollock	I-PER

Hestur	B-LOC
(	I-LOC
Færeyjum	I-LOC
)	I-LOC

'	O
''	O
Trebonianus	B-PER
Gallus	I-PER
''	O
'	O

The	B-ORG
Pussycat	I-ORG
Dolls	I-ORG
sem	O
þær	O
sjálfar	O

Filippus	B-PER
3.	I-PER
Frakkakonungur	I-PER

Fram	O
-	O
ÍR	B-ORG
19:9	O

'	O
''	O
Caracalla	B-PER
''	O
'	O

'	O
''	O
Títus	B-PER
''	O
'	O

Jared	B-PER
Padalecki	I-PER
sem	O
Sam	O
Winchester	O

tilvísun	O
Stari	B-LOC
(	I-LOC
fugl	I-LOC
)	I-LOC

Egyptar	B-LOC
notuðust	O
við	O
há	O
rúmstæði	O
og	O
til	O
að	O
komast	O
upp	O
í	O
þau	O
klifruðu	O
menn	O
upp	O
stiga	O
.	O

Loks	O
ber	O
að	O
geta	O
efnahagsþenslu	O
vegna	O
stóriðjuuppbyggingar	O
,	O
ekki	O
síst	O
á	O
Kárahnjúkum	B-ORG
.	O

Kassandra	B-PER
(	O
1	O
)	O

Efrat	B-LOC
(	O
1	O
)	O

Borgin	O
liggur	O
við	O
ána	O
Leiru	B-LOC
.	O

Höfuðstöðvar	O
fyrirtækisins	O
eru	O
í	O
San	B-LOC
Diego	I-LOC
í	O
Kaliforníu	B-LOC
.	O

Sumir	O
telja	O
að	O
hann	O
hafi	O
uppgötvað	O
Jan	B-LOC
Mayen	I-LOC
en	O
engar	O
heimildir	O
eru	O
til	O
sem	O
benda	O
til	O
þess	O
.	O

King	B-ORG
's	I-ORG
College	I-ORG
London	I-ORG

Orlande	B-PER
de	I-PER
Lassus	I-PER

Sumar	O
tegundirnar	O
eru	O
ræktaðar	O
til	O
skrauts	O
,	O
t.d	O
Gulbambus	B-ORG
.	O

Hann	O
komst	O
þó	O
aldrei	O
á	O
áfangasað	O
,	O
heldur	O
dó	O
á	O
Kýpur	B-LOC
og	O
er	O
grafinn	O
í	O
Paphos	O
.	O

CSI	B-ORG
:	I-ORG
Crime	I-ORG
Scene	I-ORG
Investigation	I-ORG

tilvísun	O
Gregoríus	B-PER
15	I-PER
.	I-PER

Finnur	B-PER
Jónsson	I-PER
(	O
útg	O
.	O

tilvísun	O
Waltham	B-LOC
Forest	I-LOC
(	I-LOC
borgarhluti	I-LOC
)	I-LOC

Hjartað	B-ORG
sér	O
um	O
að	O
viðhalda	O
blóðstreyminu	O
um	O
líkamann	O
.	O

tilvísun	O
Marcus	B-PER
Junius	I-PER
Brutus	I-PER

Ólafur	B-PER
Magnússon	I-PER
(	I-PER
konungur	I-PER
)	I-PER

Sonur	O
danskættaðs	B-LOC
prests	O
í	O
Uppsölum	B-LOC
.	O

Sea	B-ORG
Shepherd	I-ORG
hafa	O
verið	O
gagngrýndir	O
fyrir	O
aðgerðir	O
sýnar	O
,	O
t.d	O
.	O

Suðurmörk	O
borgarinnar	O
eru	O
samtímis	O
landamærin	O
að	O
Sviss	B-LOC
.	O

Heimsráðstefna	B-ORG
Sameinuðu	I-ORG
þjóðanna	I-ORG
um	I-ORG
umhverfi	I-ORG
og	I-ORG
þróun	I-ORG

tilvísun	O
The	B-ORG
Washington	I-ORG
Post	I-ORG

'	O
''	O
Langanesbyggð	B-LOC
''	O
'	O
.	O

tilvísun	O
Vilhjálmur	B-PER
2.	I-PER
Englandskonungur	I-PER

Hann	O
fékk	O
prófessorsnafnbót	O
þegar	O
skólinn	O
var	O
lagður	O
niður	O
við	O
stofnun	O
Háskóla	B-ORG
Íslands	I-ORG
.	O

tilvísun	O
Viktor	B-PER
Emmanúel	I-PER
2	I-PER
.	I-PER

Fritillaria	B-LOC
falcata	I-LOC
''	O
(	O
Jeps	O
.	O

Eftir	O
það	O
settist	O
hann	O
að	O
í	O
Koblenz	B-LOC
.	O

Menntaskólinn	B-ORG
í	I-ORG
Reykjavík	I-ORG
/	O
Lærðiskóli	O

tilvísun	O
Náttúrugripasafnið	B-ORG
í	I-ORG
London	I-ORG

á	O
milli	O
Þorlákshafnar	B-LOC
og	O
Ölfusáróss	O
.	O

Reuben	O
Feffer	O
(	O
Ben	B-PER
Stiller	I-PER
)	O
vinnur	O
við	O
áhættutryggingar	O
og	O
þar	O
sem	O
vinnan	O
hans	O
snýst	O
um	O
að	O
greina	O
áhættur	O
fyrir	O
tryggingar	O
,	O
lifir	O
hann	O
lífinu	O
þannig	O
að	O
það	O
sé	O
eins	O
áhættulítið	O
og	O
hægt	O
er	O
,	O
laust	O
við	O
alla	O
óþarfa	O
áhættu	O
.	O

Til	O
Liechtenstein	B-LOC
eru	O
20	O
km	O
.	O

'	O
''	O
A	B-ORG
Momentary	I-ORG
Lapse	I-ORG
of	I-ORG
Reason	I-ORG
''	O
'	O
''	O

TILVÍSUN	O
Hildegard	B-PER
von	I-PER
Bingen	I-PER

Göng	O
til	O
Vestmannaeyja	B-LOC
;	O
Þessi	O
munu	O
tæpast	O
verða	O
gerð	O
.	O

'	O
''	O
Fljótsdalshérað	B-LOC
82	O
''	O
'	O
-	O
57	O
Kópavogur	B-LOC

Snæugla	B-LOC
''Bubo	O
scandiacus	O
''	O
Sjaldséð	O

Fylkið	O
er	O
með	O
landmæri	O
að	O
Kirgistan	B-LOC
og	O
er	O
mjög	O
nálægt	O
Úsbekistan	B-LOC
.	O

Hann	O
stundaði	O
framhaldsnám	O
í	O
slavneskum	O
málum	O
við	O
háskólana	O
í	O
Stokkhólmi	B-LOC
og	O
Moskvu	B-LOC
.	O

tilvísun	O
Heilög	B-PER
Birgitta	I-PER
frá	I-PER
Svíþjóð	I-PER

Að	O
lokum	O
urðu	O
Frakkar	B-LOC
frá	O
að	O
hverfa	O
.	O

Besti	O
vinur	O
hans	O
var	O
Bam	B-PER
Margera	I-PER
.	O

Evrópukeppnin	B-ORG
í	I-ORG
knattspyrnu	I-ORG
2000	I-ORG

Hann	O
var	O
svo	O
hafður	O
í	O
haldi	O
í	O
Lundúnaturni	B-ORG
.	O

Höfundur	O
Einar	B-PER
Már	I-PER
Guðmundsson	I-PER
.	O

Angvilla	B-LOC
(	O
tilheyrir	O
Bretlandi	B-LOC
)	O

Stærst	O
þessara	O
fyrirtækja	O
er	O
Orkuveita	B-ORG
Reykjavíkur	I-ORG
.	O

Fyrsti	O
skemmtiþátturinn	O
til	O
að	O
hljóta	O
verðlaunin	O
var	O
Spaugstofan	B-ORG
.	O

Hún	O
er	O
þingmaður	O
Samfylkingarinnar	B-ORG
.	O

Myndinni	O
var	O
aðeins	O
dreift	O
á	O
mynddiski	B-ORG
.	O

Argentína	B-LOC
(	O
137	O
)	O

TILVÍSUN	O
Richard	B-PER
von	I-PER
Weizsäcker	I-PER

Frjálslyndi	B-ORG
flokkurinn	I-ORG
fékk	O
ríflega	O
7	O
%	O
fylgi	O
og	O
hélt	O
fjórum	O
þingmönnum	O
.	O

Fyrst	O
í	O
stað	O
átti	O
hann	O
bara	O
að	O
vera	O
gestakennari	O
í	O
Princeton-háskóla	B-ORG
.	O

Matthildur	B-PER
af	I-PER
FlæmingjalandiNotre	I-PER
Dame-kapellan	O
í	O
Eu-kastala	O
í	O
Normandí105310	O
börn	O

Þá	O
var	O
þar	O
líka	O
Birgitta	B-PER
Jónsdóttir	I-PER
úr	O
flokki	O
Hreyfingarinnar	O
en	O
hún	O
gerði	O
kröfu	O
um	O
varaformannssæti	O
í	O
nefndinni	O
.	O

'	O
''	O
Snæfellsbær	B-LOC
''	O
'	O
.	O

''	O
So	B-ORG
You	I-ORG
Think	I-ORG
You	I-ORG
Can	I-ORG
Dance	I-ORG
''	O

tilvísun	O
Símonídes	B-PER
frá	I-PER
Keos	I-PER

Öll	O
lög	O
samin	O
af	O
Noel	B-PER
Gallagher	I-PER
nema	O
annað	O
sé	O
tekið	O
fram	O
.	O

Ísrael	B-LOC
(	O
Dauðahaf	B-LOC
)	O

Hann	O
var	O
fyrst	O
og	O
fremst	O
portrettljósmyndari	O
en	O
tók	O
einnig	O
myndir	O
fyrir	O
Leikfélag	B-ORG
Reykjavíkur	I-ORG
um	O
árabil	O
,	O
auk	O
þess	O
nokkuð	O
af	O
atburða-	O
og	O
staðarmyndum	O
á	O
fyrstu	O
starfsárum	O
sínum	O
.	O

Hann	O
spilaði	O
á	O
minningartónleikum	O
um	O
George	B-PER
Harrison	I-PER
en	O
þeir	O
voru	O
góðir	O
vinir	O
.	O

'	O
''	O
''Pressa	O
''	O
'	O
''	O
er	O
íslensk	B-LOC
sakamála-sjónvarpsþáttaröð	O
eftir	O
Sigurjón	B-PER
Kjartansson	I-PER
og	O
Óskar	B-PER
Jónasson	I-PER
.	O

Otto	B-PER
von	I-PER
Bismarck	I-PER

tilvísun	O
Karl	B-PER
11	I-PER
.	I-PER

Hann	O
var	O
bróðir	O
listmálarans	O
Pierre	B-PER
Mignard	I-PER
og	O
fæddist	O
í	O
Troyes	B-LOC
.	O

Framleiðendum	O
myndarinnar	O
varð	O
snemma	O
ljóst	O
að	O
ekki	O
var	O
hægt	O
að	O
nota	O
venjulega	O
Panasonic	B-ORG
til	O
að	O
ná	O
atriðunum	O
,	O
því	O
hún	O
gat	O
ekki	O
farið	O
nógu	O
hratt	O
.	O

'	O
''	O
KR-völlur	B-ORG
''	O
'	O

TILVÍSUN	O
Lögreglan	B-ORG
á	I-ORG
Íslandi	I-ORG

tilvísun	O
Basil	B-PER
Lanneau	I-PER
Gildersleeve	I-PER

Frjálsar	B-ORG
íþróttir	I-ORG
voru	O
lengi	O
stór	O
hluti	O
af	O
starfi	O
félagsins	O
.	O

Panama	B-LOC
(	O
3	O
)	O

'	O
''	O
Eistland	B-LOC
''	O
'	O

Hann	O
hlýtur	O
tign	O
sína	O
í	O
arf	O
,	O
en	O
getur	O
jafnframt	O
verið	O
skipaður	O
af	O
Þjóðþingi	B-ORG
Danmerkur	I-ORG
.	O

Þrátt	O
fyrir	O
það	O
er	O
yfir	O
helming	O
nemanda	O
hjá	O
Cambridge	B-ORG
og	O
Oxford-háskólum	B-ORG
menntaður	O
í	O
einkasskólum	O
.	O

Þau	O
kváðu	O
meðal	O
annars	O
á	O
um	O
stofnun	O
kennaraskóla	B-ORG
.	O

TILVÍSUN	O
Fjölbrautaskólinn	B-ORG
í	I-ORG
Breiðholti	I-ORG

Í	O
kristniboðinu	O
var	O
reynt	O
að	O
endurtaka	O
ekki	O
það	O
sem	O
gerðist	O
í	O
Suður-Ameríku	B-LOC
,	O
þ.e	O
.	O

Mark	B-PER
Sheppard	I-PER
sem	O
Crowley	O
(	O
3	O
þættir	O
)	O

Bosnía	B-LOC
og	I-LOC
Hersegóvína	I-LOC

tilvísun	O
Simon	B-ORG
&	I-ORG
Garfunkel	I-ORG

Fram	O
-	O
Radnici	O
Belgrað	O
,	O
Júgóslavíu	B-LOC
10:22	O

Þegar	O
nú	O
er	O
talað	O
um	O
Skagaströnd	B-LOC
er	O
oftar	O
en	O
ekki	O
átt	O
við	O
þéttbýlið	O
þótt	O
sveitin	O
hafi	O
enn	O
sama	O
nafn	O
.	O

verið	O
Friðrik	B-PER
Þór	I-PER
Friðriksson	I-PER
.	O

Edinborgarháskóli	B-ORG
var	O
stofnaður	O
.	O

'	O
''	O
Novacane	O
''	O
'	O
er	O
lag	O
eftir	O
Frank	B-PER
Ocean	I-PER
.	O

Jamaíka	B-LOC
(	O
56	O
)	O

Leikstjóri	O
Friðrik	B-PER
Þór	I-PER
Friðriksson	I-PER
.	O

ÍBV	B-ORG
hætti	O
keppni	O
og	O
töldust	O
úrslit	O
í	O
leikjum	O
þess	O
dauð	O
og	O
ómerk	O
.	O

Langflestir	O
íbúar	O
eru	O
í	O
suðvesturhluta	O
landsins	O
þar	O
sem	O
höfuðborgin	O
,	O
Níamey	B-LOC
,	O
er	O
staðsett	O
.	O

Museum	B-ORG
of	I-ORG
Modern	I-ORG
Art	I-ORG

'	O
''	O
The	B-ORG
Final	I-ORG
Cut	I-ORG
''	O
'	O
''	O

Jón	B-PER
Sigurðsson	I-PER
forseti	I-PER
,	O
en	O
með	O
verki	O
Kaalunds	O
varð	O
safnið	O
loks	O
aðgengilegt	O
fræðimönnum	O
.	O

Saó	B-LOC
Tóme	I-LOC
og	I-LOC
Prinsípe	I-LOC
(	O
3	O
)	O

Sveitarfélagið	B-LOC
Árborg	I-LOC
(	O
Selfoss	B-LOC
,	O
Stokkseyri	B-LOC
,	O
Eyrarbakki	B-LOC
)	O

Eyjarnar	O
heita	O
eftir	O
Grænhöfða	B-LOC
á	O
vesturströnd	O
Senegals	B-LOC
.	O

Evrópumeistaramót	B-ORG
karla	I-ORG
í	I-ORG
handknattleik	I-ORG
2004	I-ORG

Íran	B-LOC
(	O
54	O
)	O

Herakles	B-PER
drap	O
þá	O
báða	O
.	O

Áður	O
hafði	O
hún	O
verið	O
höfuðstaður	O
Páfaríkisins	B-LOC
sem	O
náði	O
yfir	O
miðhluta	O
Ítalíuskagans	O
frá	O
tímum	O
Karlamagnúsar	B-PER
.	O

Keilu	B-LOC
(	I-LOC
fisk	I-LOC
)	I-LOC
,	O
fiskitegund	O

Kompetenzergänzungsbestimmung	O
)	O
er	O
ein	O
af	O
grunnreglum	O
Evrópusambandsins	B-ORG
og	O
kemur	O
fram	O
í	O
352.	O
gr	O
.	O

TILVÍSUN	O
Sverre	B-PER
Andreas	I-PER
Jakobsson	I-PER

===	O
Svæði	O
7	O
–	O
Rússland	B-LOC
og	O
nágrannaríki	O
(	O
gömul	O
Sovétlýðveldi	B-LOC
)	O
===	O

Veðurstofa	B-ORG
Íslands	I-ORG
þjálfar	O
veðurathugunarmenn	O
og	O
geymir	O
veðurbækur	O
og	O
önnur	O
veðurgögn	O
.	O

Eskilstuna	B-LOC
(	O
Svíþjóð	B-LOC
)	O

'	O
''	O
Danmörk	B-LOC
''	O
'	O

'	O
''	O
Grindavík	B-LOC
87	O
''	O
'	O
-	O
82	O
Mosfellsbær	B-LOC

Umhverfis	O
hann	O
eru	O
löndin	O
Malasía	B-LOC
,	O
Taíland	B-LOC
,	O
Kambódía	B-LOC
og	O
Víetnam	B-LOC
.	O

Uppreisnirnar	O
leiddu	O
til	O
þess	O
að	O
soldánarnir	O
leituðu	O
hjálpar	O
frá	O
Hollenska	B-ORG
Austur-Indíafélaginu	I-ORG
og	O
veittu	O
þeim	O
verslunarleyfi	O
í	O
staðinn	O
.	O

Stærsta	O
borgin	O
er	O
Pointe-à-Pitre	B-LOC
með	O
um	O
170	O
þúsund	O
íbúa	O
(	O
þar	O
af	O
tæplega	O
20	O
þúsund	O
í	O
borginni	O
sjálfri	O
)	O
.	O

'	O
''	O
Gottlieb-Daimler-Stadion	O
''	O
'	O
-	O
Stuttgart	B-LOC

Hann	O
var	O
af	O
Valois-ætt	B-ORG
.	O

tilvísun	O
Gylfi	B-PER
Þór	I-PER
Sigurðsson	I-PER

'	O
''	O
Heilaga	B-ORG
rómverska	I-ORG
ríkið	I-ORG
''	O
'	O

Hann	O
er	O
Aþeningur	B-LOC
og	O
nemandi	O
mælskufræðingsins	O
Gorgíasar	B-PER
.	O

Söngvakeppni	B-ORG
evrópskra	I-ORG
sjónvarpsstöðva	I-ORG
2012	I-ORG

Stjarnan	B-ORG
hafnaði	O
í	O
öðru	O
sæti	O
með	O
14	O
stig	O
.	O

Annað	O
meginskáld	O
þessa	O
tímabils	O
var	O
Hesíódos	B-PER
.	O

Yfir	O
600	O
tegundir	O
lyngplantna	O
eru	O
upprunnar	O
í	O
Suður-Afríku	B-LOC
.	O

Bosnía	B-LOC
og	I-LOC
Hersegóvína	I-LOC
(	O
6	O
)	O

tilvísun	O
Stjörnustöð	B-ORG
Evrópulanda	I-ORG
á	I-ORG
suðurhveli	I-ORG

tilvísun	O
Játvarður	B-PER
1	I-PER
.	I-PER

Einingarsamtök	B-ORG
kommúnista	I-ORG
(	I-ORG
ml	I-ORG
)	I-ORG

tilvísun	O
Newcastle	B-ORG
United	I-ORG
F.C	I-ORG
.	I-ORG

CSI	B-ORG
:	I-ORG
Crime	I-ORG
Scene	I-ORG
Investigation	I-ORG

''	O
Prison	B-ORG
Break	I-ORG
''	O

'	O
''	O
Mingveldið	B-LOC
''	O
'	O

Meirihluti	O
sjía-múslima	O
býr	O
í	O
vesturhluta	O
Asíu	B-LOC
.	O

tilvísun	O
Basil	B-PER
Lanneau	I-PER
Gildersleeve	I-PER

Besti	O
vinur	O
hans	O
er	O
og	O
félagi	O
er	O
Ástríkur	B-PER
gallvaski	I-PER
.	O

Kona	O
hans	O
var	O
Jutta	B-PER
af	I-PER
Saxlandi	I-PER
og	O
áttu	O
þau	O
nokkur	O
börn	O
.	O

Umhverfisráðstefna	B-ORG
Sameinuðu	I-ORG
þjóðanna	I-ORG
1972	I-ORG

TILVÍSUN	O
Niðursöllun	B-ORG
í	I-ORG
fáránleika	I-ORG

Í	O
vestri	O
mætir	O
hann	O
Arafurahafi	B-LOC
og	O
í	O
austri	O
mætir	O
hann	O
Kóralhafi	B-LOC
um	O
Torressund	B-LOC
.	O

Nepal	B-LOC
(	O
7	O
)	O

'	O
''	O
Írland	B-LOC
''	O
'	O

Georgía	B-LOC
(	O
að	O
hluta	O
til	O
)	O

'	O
''	O
Snæfellsbær	B-LOC
84	O
''	O
'	O
-	O
80	O
Vestmannaeyjar	B-LOC

Leikritið	O
lýsir	O
ævilokum	O
Ödípúsar	B-PER
.	O

Þetta	O
er	O
mjög	O
áþekkt	O
skilgreiningu	O
Sameinuðu	B-ORG
þjóðanna	I-ORG
á	O
hugtakinu	O
.	O

Liðið	O
sigraði	O
Tyrki	B-LOC
,	O
en	O
tapaði	O
fyrir	O
Ungverjum	B-LOC
2:7	O
í	O
riðlakeppninni	O
.	O

Langflestir	O
búa	O
í	O
borginni	O
Anchorage	B-LOC
eða	O
um	O
300	O
þúsund	O
manns	O
.	O

tilvísun	O
Friðrik	B-PER
9.	I-PER
Danakonungur	I-PER

Arúba	B-LOC
(	O
2	O
)	O

Tilvísun	O
Carl	B-PER
Philipp	I-PER
Emanuel	I-PER
Bach	I-PER

Þar	O
kenndi	O
hann	O
við	O
Princeton-háskóla	B-ORG
.	O

Magi	B-ORG
skötuselsins	O
getur	O
þanist	O
afar	O
mikið	O
út	O
og	O
geta	O
skötuselir	O
étið	O
bráð	O
sem	O
er	O
stærri	O
og	O
þyngri	O
en	O
þeir	O
sjálfir	O
.	O

tilvísun	O
Gústaf	B-PER
2.	I-PER
Adólf	I-PER

tilvísun	O
Fyrsta	B-ORG
ráðuneyti	I-ORG
Davíðs	I-ORG
Oddssonar	I-ORG

Litháen	B-LOC
hafði	O
upphaflega	O
tilkynnt	O
um	O
að	O
landið	O
myndi	O
ekki	O
taka	O
þátt	O
þetta	O
árið	O
en	O
var	O
seinna	O
á	O
meðal	O
þeirra	O
39	O
landa	O
sem	O
staðfestu	O
þátttöku	O
sína	O
hjá	O
EBU	O
.	O

-	O
en	O
urðu	O
allir	O
skammlífir	O
og	O
enginn	O
þeirra	O
eignaðist	O
son	O
sem	O
lifði	O
,	O
svo	O
að	O
Valois-ætt	B-ORG
dó	O
út	O
með	O
þeim	O
.	O

Aðalskrifstofa	O
er	O
í	O
Reykjavík	B-LOC
en	O
auk	O
þess	O
er	O
rekið	O
útibú	O
á	O
Akureyri	B-LOC
.	O

Teista	B-LOC
var	O
áður	O
dreifð	O
um	O
ströndina	O
en	O
varp	O
hennar	O
hefur	O
dregist	O
saman	O
.	O

tilvísun	O
Colt	B-ORG
's	I-ORG
Manufacturing	I-ORG
Company	I-ORG

Menningarsetur	B-ORG
múslima	I-ORG
á	I-ORG
Íslandi	I-ORG
hefur	O
389	O
meðlimi	O
.	O

Kallaðist	O
hann	O
Eiríkur	B-PER
eftir	O
það	O
.	O

Í	O
kirkjunni	O
fara	O
fram	O
guðsþjónustur	O
rétttrúnaðarkirkjunnar	B-ORG
.	O

Hann	O
naut	O
óskoraðs	O
trausts	O
flokkssystkina	O
sinna	O
og	O
var	O
á	O
landsfundum	O
jafnan	O
kjörinn	O
formaður	O
Sjálfstæðisflokksins	B-ORG
með	O
nær	O
öllum	O
greiddum	O
atkvæðum	O
.	O

Watergate-nefndin	B-ORG
var	O
sett	O
á	O
stofn	O
af	O
Bandaríkjaþingi	B-ORG
.	O

'	O
''	O
Frakkland	B-LOC
''	O
'	O

Karl	B-PER
4.	I-PER
Frakkakonungur	I-PER
giftist	O
þriðju	O
konu	O
sinni	O
,	O
Jóhönnu	B-PER
d'Évreux	I-PER
.	I-PER

Gústaf	B-PER
Adólf	I-PER
erfðaprins	I-PER

Í	O
Evrópusambandinu	B-ORG
nýtur	O
óskráð	O
hönnun	O
verndar	O
sjálfvirkt	O
,	O
en	O
aðeins	O
í	O
þrjú	O
ár	O
eftir	O
að	O
hún	O
kemur	O
fyrst	O
fyrir	O
almennings	O
sjónir	O
.	O

tilvísun	O
Leópold	B-PER
1	I-PER
.	I-PER

Indónesía	B-LOC
(	O
21	O
)	O

Hann	O
var	O
um	O
tíma	O
stjórnarformaður	O
Icelandair	B-ORG
.	O

'	O
''	O
Chicago	B-ORG
Bulls	I-ORG
''	O
'	O

'	O
''	O
Röddin	O
''	O
'	O
er	O
sjötta	O
bók	O
Arnaldar	B-PER
Indriðasonar	I-PER
.	O

tilvísun	O
Múrinn	B-ORG
í	I-ORG
Kirkjubæ	I-ORG

TILVÍSUN	O
Þorgeir	B-ORG
Ljósvetningagoði	I-ORG
Þorkelsson	I-ORG

Fyrir	O
sunnan	O
borgina	O
Luang	B-LOC
Prabang	I-LOC
breiðir	O
það	O
mjög	O
úr	O
sér	O
og	O
er	O
allt	O
að	O
4	O
km	O
á	O
breidd	O
og	O
10	O
metra	O
djúpt	O
.	O

tilvísun	O
Íhaldsflokkurinn	B-ORG
(	I-ORG
Bretland	I-ORG
)	I-ORG

Í	O
leikritinu	O
segir	O
frá	O
keppni	O
Æskýlosar	B-PER
og	O
Evripídesar	B-PER
um	O
hvor	O
teljist	O
besta	O
harmleikjaskáldið	O
.	O

tilvísun	O
Mehmet	B-PER
Ali	I-PER
Ağca	I-PER

Geir	B-PER
Hallgrímsson	I-PER
lætur	O
af	O
störfum	O
sem	O
formaður	O
Sjálfstæðisflokksins	B-ORG
.	O

(	O
Jón	B-PER
Ólafsson	I-PER
gaf	O
út	O
)	O
.	O

'	O
''	O
Ummagumma	B-ORG
''	O
'	O
''	O
(	O
líka	O
tónleika	O
upptaka	O
)	O

Þær	O
enduðu	O
með	O
sigri	O
Vigdísar	B-PER
Finnbogadóttur	I-PER
.	O

Evrópukeppnin	B-ORG
í	I-ORG
knattspyrnu	I-ORG
1996	I-ORG

tilvísun	O
Sankti	B-LOC
Pierre	I-LOC
og	I-LOC
Miquelon	I-LOC

'	O
''	O
Eþíópía	B-LOC
''	O
'	O

Claudíus	B-PER
ættleiðir	O
Neró	B-PER
.	O

'	O
''	O
Lahti	B-LOC
''	O
'	O

'	B-ORG
''	I-ORG
KR	I-ORG
''	I-ORG
'	B-ORG
mun	O
á	O
'	O
''	O
knattspyrnutímabilinu	O
2008-2009	O
''	O
'	O
reyna	O
að	O
byggja	O
ofan	O
á	O
árangur	O
sinn	O
frá	O
fyrra	O
tímabili	O
.	O

Hann	O
klifraði	O
hratt	O
metorðastigann	O
innan	O
flokksins	O
og	O
var	O
gerður	O
að	O
yfirmanni	O
flokksins	O
í	O
Berlín	B-LOC
og	O
Brandenborg	B-LOC
.	O

'	O
''	O
Svalbarðsstrandarhreppur	B-LOC
''	O
'	O

Norræna	B-ORG
stofnunin	I-ORG
í	I-ORG
Finnlandi	I-ORG

tilvísun	O
Heimsmeistaramót	B-ORG
landsliða	I-ORG
í	I-ORG
knattspyrnu	I-ORG
karla	I-ORG
2006	I-ORG

í	O
Efesos	B-LOC
,	O
sem	O
nú	O
tilheyrir	O
Tyrklandi	B-LOC
.	O

Hann	O
hélt	O
sömuleiðis	O
fyrirlestur	O
í	O
Háskóla	B-ORG
Íslands	I-ORG
.	O

Ólafur	B-PER
Ragnar	I-PER
Grímsson	I-PER
1983-85	O
,	O

Borgin	O
er	O
í	O
suðurhluta	O
landsins	O
,	O
nálægt	O
landamærunum	O
að	O
Suður-Afríku	B-LOC
.	O

tilvísun	O
UCSC	B-ORG
Genome	I-ORG
Browser	I-ORG

Þjóðvarnarflokkur	B-ORG
Íslands	I-ORG
1953-1968	O
(	O
Alþýðubandalagið	B-ORG
)	O

Georg	B-PER
Henrik	I-PER
von	I-PER
Wright	I-PER

Borgin	O
er	O
þekkt	O
fyrir	O
iðnaðarrisann	O
Bayer	B-ORG
.	O

tilvísun	O
Filippus	B-PER
2.	I-PER
Spánarkonungur	I-PER

tilvísun	O
Sameiningarflokkur	B-ORG
alþýðu	I-ORG
-	I-ORG
Sósíalistaflokkurinn	I-ORG

Malí	B-LOC
(	O
6	O
)	O

'	O
''	O
Krímkanatið	B-LOC
''	O
'	O

Handritið	O
var	O
áður	O
eign	O
Skálholtskirkju	B-LOC
.	O

Hann	O
skoraði	O
í	O
þeim	O
leik	O
og	O
varð	O
yngsti	O
markaskorari	O
ensku	B-ORG
úrvalsdeildarinnar	I-ORG
á	O
þeim	O
tíma	O
.	O

Jökulsá	B-LOC
á	I-LOC
Fjöllum	I-LOC
rennur	O
í	O
sveig	O
niður	O
með	O
þeim	O
að	O
austan	O
.	O

'	O
''	O
Zentralstadion	O
''	O
'	O
-	O
Leipzig	B-LOC

Hann	O
var	O
frá	O
Ríad	B-LOC
.	O

Egill	B-PER
Ólafsson	I-PER
)	O
(	O
3:10	O
)	O

Fjögur	O
lið	O
tóku	O
þátt	O
;	O
KR	B-ORG
,	O
Fram	B-ORG
,	O
Víkingur	B-ORG
og	O
Valur	B-ORG
.	O

'	O
''	O
Malíveldið	B-ORG
''	O
'	O

Félagið	O
leikur	O
í	O
íslandsmóti	B-ORG
karla	I-ORG
í	I-ORG
íshokkí	I-ORG
.	O

Dickens-hátíðin	O
er	O
helguð	O
skáldsagnapersónum	O
úr	O
verkum	O
Charles	B-PER
Dickens	I-PER
.	O

Fjölskyldan	O
samanstendur	O
af	O
bráða	O
fjölskylduföðurnum	O
Homer	B-PER
Jay	I-PER
Simpson	I-PER
,	O
skynsömu	O
móðurinni	O
Marjorie	B-PER
(	I-PER
Marge	I-PER
)	I-PER
Simpson	I-PER
,	O
prakkaranum	O
Bartholomew	B-PER
(	I-PER
Bart	I-PER
)	I-PER
Jojo	I-PER
Simpson	I-PER
,	O
hinni	O
gáfuðu	O
og	O
feimnu	O
Lisu	B-PER
Marie	I-PER
Simpson	I-PER
og	O
kornabarninu	O
Margret	B-PER
(	I-PER
Maggie	I-PER
)	I-PER
Simpson	I-PER
.	O

Á	O
tímabilinu	O
1655–1658	O
var	O
borgin	O
undir	O
umsátri	O
þrisvar	O
en	O
hún	O
var	O
tekin	O
og	O
rænd	O
af	O
heröflum	O
frá	O
Svíþjóð	B-LOC
,	O
Brandenborg	B-LOC
og	O
Transylvaníu	B-LOC
.	O

Það	O
á	O
upptök	O
sín	O
í	O
Bresku	B-LOC
Kólumbíu	I-LOC
,	O
rennur	O
í	O
gegnum	O
Júkon-fylki	B-LOC
og	O
loks	O
í	O
gegnum	O
Alaska	B-LOC
og	O
í	O
Beringshaf	B-LOC
.	O

Greenwich	B-LOC
(	I-LOC
borgarhluti	I-LOC
)	I-LOC

CSI	B-ORG
:	I-ORG
Crime	I-ORG
Scene	I-ORG
Investigation	I-ORG

Menntaskólinn	B-ORG
í	I-ORG
Reykjavík	I-ORG

Af	O
þekktum	O
rithöfundum	O
má	O
nefna	O
Franz	B-PER
Kafka	I-PER
og	O
Milan	B-PER
Kundera	I-PER
.	O

Allison	B-PER
Janney	I-PER
sem	O
C.J	O
.	O

Höfuðstaður	O
sýslunnar	O
er	O
borgin	O
Cuneo	B-LOC
.	O

Það	O
var	O
hluti	O
af	O
tilraunum	O
ríkistjórnarinnar	O
til	O
að	O
vinna	O
gegn	O
afleiðingum	O
ört	O
minnkandi	O
gjaldeyristekna	O
þjóðarbúsins	O
í	O
Kreppunni	B-ORG
.	O

TILVÍSUN	O
Jón	B-PER
Magnússon	I-PER
þumlungur	I-PER

tilvísun	O
Stríð	B-ORG
Póllands	I-ORG
og	I-ORG
Svíþjóðar	I-ORG
1626–1629	I-ORG

Brúnei	B-LOC
(	O
2	O
)	O

Eftir	O
námsdvölina	O
í	O
Kaupmannahöfn	B-LOC
bjó	O
Gestur	O
í	O
nokkur	O
ár	O
í	O
Reykjavík	B-LOC
,	O
oft	O
við	O
þröngan	O
kost	O
,	O
og	O
fékkst	O
þá	O
meðal	O
annars	O
við	O
kennslu	O
og	O
skrifstofustörf	O
.	O

'	O
''	O
Sigurður	B-PER
Ingi	I-PER
Jóhannsson	I-PER
''	O
'	O

TILVÍSUN	O
Havering	B-ORG
(	I-ORG
borgarhluti	I-ORG
)	I-ORG

Finnur	B-PER
Ingólfsson	I-PER
,	O
1998-2001	O

Í	O
sama	O
viðtali	O
segir	O
,	O
Janel	B-PER
Moloney	I-PER
að	O
hún	O
hafi	O
farið	O
í	O
áheyrnarpróf	O
fyrir	O
C.J	O
.	O

Utanríkisleyniþjónusta	B-ORG
Rússneska	I-ORG
Sambandsríkisins	I-ORG

tilvísun	O
Kaliforníuháskóli	B-ORG
í	I-ORG
Berkeley	I-ORG
